<?xml version="1.0" encoding="UTF-8" standalone="no"?>
<!DOCTYPE score-partwise
PUBLIC "-//Recordare//DTD MusicXML 1.1 Partwise//EN"
"http://www.musicxml.org/dtds/partwise.dtd">


<score-partwise version="1.1">
	<identification>
		<encoding>
			<software>SharpEye Music Reader 2</software>
			<encoding-description>Scanning program</encoding-description>
		</encoding>
	</identification>

	<defaults>
		<scaling>
			<millimeters>5.40</millimeters>
			<tenths>40</tenths>
		</scaling>
		<page-layout>
			<page-height>1114</page-height>
			<page-width>1493</page-width>
			<page-margins type="both">
				<left-margin>23</left-margin>
				<right-margin>3</right-margin>
				<top-margin>0</top-margin>
				<bottom-margin>0</bottom-margin>
			</page-margins>
		</page-layout>
		<system-layout>
			<system-margins>
				<left-margin>0</left-margin>
				<right-margin>0</right-margin>
			</system-margins>
		</system-layout>
	</defaults>

	<part-list>
		<score-part id="P1">
			<part-name>Part_1</part-name>
		</score-part>
		<score-part id="P2">
			<part-name>Part_2</part-name>
		</score-part>
		<score-part id="P3">
			<part-name>Part_3</part-name>
		</score-part>
	</part-list>

	<part id="P1">
		<measure number="1" width="176">
			<print>
				<system-layout>
					<system-margins>
						<left-margin>0</left-margin>
						<right-margin>0</right-margin>
					</system-margins>
					<top-system-distance>45</top-system-distance>
				</system-layout>
			</print>
			<attributes>
				<divisions>1</divisions>
				<key>
					<fifths>0</fifths>
				</key>
				<time symbol="normal">
					<beats>2</beats>
					<beat-type>2</beat-type>
				</time>
				<staves>1</staves>
				<clef number = "1">
					<sign>G</sign>
					<line>2</line>
					<clef-octave-change>0</clef-octave-change>
				</clef>
			</attributes>
			<note>
				<pitch>
					<step>G</step>
					<octave>4</octave>
				</pitch>
				<duration>4</duration>
				<voice>1</voice>
				<type>whole</type>
				<notations>
				</notations>
			</note>
		</measure>
<!--===================================================-->
		<measure number="2" width="139">
			<note>
				<pitch>
					<step>A</step>
					<octave>4</octave>
				</pitch>
				<duration>2</duration>
				<voice>1</voice>
				<type>half</type>
				<stem>up</stem>
				<notations>
				</notations>
			</note>
			<note>
				<pitch>
					<step>C</step>
					<octave>5</octave>
				</pitch>
				<duration>2</duration>
				<tie type="start"/>
				<voice>1</voice>
				<type>half</type>
				<stem>down</stem>
				<notations>
					<tied type="start"/>
				</notations>
			</note>
		</measure>
<!--===================================================-->
		<measure number="3" width="139">
			<note>
				<pitch>
					<step>C</step>
					<octave>5</octave>
				</pitch>
				<duration>2</duration>
				<tie type="stop"/>
				<voice>1</voice>
				<type>half</type>
				<stem>down</stem>
				<notations>
					<tied type="stop"/>
				</notations>
			</note>
			<note>
				<pitch>
					<step>B</step>
					<octave>4</octave>
				</pitch>
				<duration>2</duration>
				<voice>1</voice>
				<type>half</type>
				<stem>down</stem>
				<notations>
				</notations>
			</note>
		</measure>
<!--===================================================-->
		<measure number="4" width="129">
			<note>
				<pitch>
					<step>A</step>
					<octave>4</octave>
				</pitch>
				<duration>3</duration>
				<voice>1</voice>
				<type>half</type>
				<dot/>
				<stem>up</stem>
				<notations>
				</notations>
			</note>
			<note>
				<pitch>
					<step>G</step>
					<octave>4</octave>
				</pitch>
				<duration>1</duration>
				<voice>1</voice>
				<type>quarter</type>
				<stem>up</stem>
				<notations>
				</notations>
			</note>
		</measure>
<!--===================================================-->
		<measure number="5" width="94">
			<note>
				<pitch>
					<step>G</step>
					<octave>4</octave>
				</pitch>
				<duration>4</duration>
				<voice>1</voice>
				<type>whole</type>
				<notations>
				</notations>
			</note>
		</measure>
<!--===================================================-->
		<measure number="6" width="139">
			<note>
				<pitch>
					<step>E</step>
					<octave>4</octave>
				</pitch>
				<duration>2</duration>
				<voice>1</voice>
				<type>half</type>
				<stem>up</stem>
				<notations>
				</notations>
			</note>
			<note>
				<pitch>
					<step>G</step>
					<octave>4</octave>
				</pitch>
				<duration>2</duration>
				<tie type="start"/>
				<voice>1</voice>
				<type>half</type>
				<stem>up</stem>
				<notations>
					<tied type="start"/>
				</notations>
			</note>
		</measure>
<!--===================================================-->
		<measure number="7" width="139">
			<note>
				<pitch>
					<step>G</step>
					<octave>4</octave>
				</pitch>
				<duration>2</duration>
				<tie type="stop"/>
				<voice>1</voice>
				<type>half</type>
				<stem>up</stem>
				<notations>
					<tied type="stop"/>
				</notations>
			</note>
			<note>
				<pitch>
					<step>F</step>
					<octave>4</octave>
				</pitch>
				<duration>2</duration>
				<voice>1</voice>
				<type>half</type>
				<stem>up</stem>
				<notations>
				</notations>
			</note>
		</measure>
<!--===================================================-->
		<measure number="8" width="95">
			<note>
				<pitch>
					<step>D</step>
					<octave>4</octave>
				</pitch>
				<duration>4</duration>
				<voice>1</voice>
				<type>whole</type>
				<notations>
				</notations>
			</note>
		</measure>
<!--===================================================-->
		<measure number="9" width="139">
			<note>
				<pitch>
					<step>C</step>
					<octave>4</octave>
				</pitch>
				<duration>4</duration>
				<voice>1</voice>
				<type>whole</type>
				<notations>
				</notations>
			</note>
		</measure>
<!--===================================================-->
		<measure number="10" width="139">
			<note>
				<rest/>
				<duration>2</duration>
				<voice>1</voice>
				<type>half</type>
				<notations>
				</notations>
			</note>
			<note>
				<pitch>
					<step>E</step>
					<octave>4</octave>
				</pitch>
				<duration>2</duration>
				<voice>1</voice>
				<type>half</type>
				<stem>up</stem>
				<notations>
				</notations>
			</note>
		</measure>
<!--===================================================-->
		<measure number="11" width="138">
			<note>
				<pitch>
					<step>D</step>
					<octave>4</octave>
				</pitch>
				<duration>2</duration>
				<voice>1</voice>
				<type>half</type>
				<stem>up</stem>
				<notations>
				</notations>
			</note>
			<note>
				<pitch>
					<step>F</step>
					<octave>4</octave>
				</pitch>
				<duration>2</duration>
				<tie type="start"/>
				<voice>1</voice>
				<type>half</type>
				<stem>up</stem>
				<notations>
					<tied type="start"/>
				</notations>
			</note>
		</measure>
<!--===================================================-->
		<measure number="12" width="188">
			<print new-system="yes">
				<system-layout>
					<system-distance>75</system-distance>
				</system-layout>
			</print>
			<note>
				<pitch>
					<step>F</step>
					<octave>4</octave>
				</pitch>
				<duration>2</duration>
				<tie type="stop"/>
				<voice>1</voice>
				<type>half</type>
				<stem>up</stem>
				<notations>
					<tied type="stop"/>
				</notations>
			</note>
			<note>
				<pitch>
					<step>E</step>
					<octave>4</octave>
				</pitch>
				<duration>2</duration>
				<tie type="start"/>
				<voice>1</voice>
				<type>half</type>
				<stem>up</stem>
				<notations>
					<tied type="start"/>
				</notations>
			</note>
		</measure>
<!--===================================================-->
		<measure number="13" width="128">
			<note>
				<pitch>
					<step>E</step>
					<octave>4</octave>
				</pitch>
				<duration>2</duration>
				<tie type="stop"/>
				<voice>1</voice>
				<type>half</type>
				<stem>up</stem>
				<notations>
					<tied type="stop"/>
				</notations>
			</note>
			<note>
				<pitch>
					<step>A</step>
					<octave>4</octave>
				</pitch>
				<duration>2</duration>
				<tie type="start"/>
				<voice>1</voice>
				<type>half</type>
				<stem>up</stem>
				<notations>
					<tied type="start"/>
				</notations>
			</note>
		</measure>
<!--===================================================-->
		<measure number="14" width="147">
			<note>
				<pitch>
					<step>A</step>
					<octave>4</octave>
				</pitch>
				<duration>1</duration>
				<tie type="stop"/>
				<voice>1</voice>
				<type>quarter</type>
				<stem>up</stem>
				<notations>
					<tied type="stop"/>
				</notations>
			</note>
			<note>
				<pitch>
					<step>G</step>
					<octave>4</octave>
				</pitch>
				<duration>2</duration>
				<voice>1</voice>
				<type>half</type>
				<stem>up</stem>
				<notations>
				</notations>
			</note>
			<note>
				<pitch>
					<step>F</step>
					<octave>4</octave>
				</pitch>
				<duration>1</duration>
				<voice>1</voice>
				<type>quarter</type>
				<stem>up</stem>
				<notations>
				</notations>
			</note>
		</measure>
<!--===================================================-->
		<measure number="15" width="89">
			<note>
				<pitch>
					<step>A</step>
					<octave>4</octave>
				</pitch>
				<duration>4</duration>
				<voice>1</voice>
				<type>whole</type>
				<notations>
				</notations>
			</note>
		</measure>
<!--===================================================-->
		<measure number="16" width="89">
			<note>
				<rest>
					<display-step>D</display-step>
					<display-octave>5</display-octave>
				</rest>
				<duration>4</duration>
				<voice>1</voice>
				<notations>
				</notations>
			</note>
		</measure>
<!--===================================================-->
		<measure number="17" width="128">
			<note>
				<pitch>
					<step>A</step>
					<octave>4</octave>
				</pitch>
				<duration>2</duration>
				<voice>1</voice>
				<type>half</type>
				<stem>up</stem>
				<notations>
				</notations>
			</note>
			<note>
				<pitch>
					<step>B</step>
					<octave>4</octave>
				</pitch>
				<duration>2</duration>
				<tie type="start"/>
				<voice>1</voice>
				<type>half</type>
				<stem>down</stem>
				<notations>
					<tied type="start"/>
				</notations>
			</note>
		</measure>
<!--===================================================-->
		<measure number="18" width="147">
			<note>
				<pitch>
					<step>B</step>
					<octave>4</octave>
				</pitch>
				<duration>1</duration>
				<tie type="stop"/>
				<voice>1</voice>
				<type>quarter</type>
				<stem>down</stem>
				<notations>
					<tied type="stop"/>
				</notations>
			</note>
			<note>
				<pitch>
					<step>A</step>
					<octave>4</octave>
				</pitch>
				<duration>1</duration>
				<voice>1</voice>
				<type>quarter</type>
				<stem>up</stem>
				<notations>
				</notations>
			</note>
			<note>
				<pitch>
					<step>C</step>
					<octave>5</octave>
				</pitch>
				<duration>2</duration>
				<tie type="start"/>
				<voice>1</voice>
				<type>half</type>
				<stem>down</stem>
				<notations>
					<tied type="start"/>
				</notations>
			</note>
		</measure>
<!--===================================================-->
		<measure number="19" width="147">
			<note>
				<pitch>
					<step>C</step>
					<octave>5</octave>
				</pitch>
				<duration>2</duration>
				<tie type="stop"/>
				<voice>1</voice>
				<type>half</type>
				<stem>down</stem>
				<notations>
					<tied type="stop"/>
				</notations>
			</note>
			<note>
				<pitch>
					<step>B</step>
					<octave>4</octave>
				</pitch>
				<duration>2</duration>
				<voice>1</voice>
				<type>half</type>
				<stem>down</stem>
				<notations>
				</notations>
			</note>
		</measure>
<!--===================================================-->
		<measure number="20" width="128">
			<note>
				<pitch>
					<step>G</step>
					<octave>4</octave>
				</pitch>
				<duration>2</duration>
				<voice>1</voice>
				<type>half</type>
				<stem>up</stem>
				<notations>
				</notations>
			</note>
			<note>
				<pitch>
					<step>A</step>
					<octave>4</octave>
				</pitch>
				<duration>2</duration>
				<tie type="start"/>
				<voice>1</voice>
				<type>half</type>
				<stem>up</stem>
				<notations>
					<tied type="start"/>
				</notations>
			</note>
		</measure>
<!--===================================================-->
		<measure number="21" width="129">
			<note>
				<pitch>
					<step>A</step>
					<octave>4</octave>
				</pitch>
				<duration>2</duration>
				<tie type="stop"/>
				<voice>1</voice>
				<type>half</type>
				<stem>up</stem>
				<notations>
					<tied type="stop"/>
				</notations>
			</note>
			<note>
				<pitch>
					<step>B</step>
					<octave>4</octave>
				</pitch>
				<duration>2</duration>
				<tie type="start"/>
				<voice>1</voice>
				<type>half</type>
				<stem>down</stem>
				<notations>
					<tied type="start"/>
				</notations>
			</note>
		</measure>
<!--===================================================-->
		<measure number="22" width="148">
			<note>
				<pitch>
					<step>B</step>
					<octave>4</octave>
				</pitch>
				<duration>1</duration>
				<tie type="stop"/>
				<voice>1</voice>
				<type>quarter</type>
				<stem>down</stem>
				<notations>
					<tied type="stop"/>
				</notations>
			</note>
			<note>
				<pitch>
					<step>G</step>
					<octave>4</octave>
				</pitch>
				<duration>1</duration>
				<voice>1</voice>
				<type>quarter</type>
				<stem>up</stem>
				<notations>
				</notations>
			</note>
			<note>
				<pitch>
					<step>G</step>
					<octave>4</octave>
				</pitch>
				<duration>2</duration>
				<voice>1</voice>
				<type>half</type>
				<stem>up</stem>
				<notations>
				</notations>
			</note>
		</measure>
<!--===================================================-->
		<measure number="23" width="206">
			<print new-system="yes">
				<system-layout>
					<system-distance>75</system-distance>
				</system-layout>
			</print>
			<note>
				<pitch>
					<step>F</step>
					<octave>4</octave>
				</pitch>
				<duration>1</duration>
				<voice>1</voice>
				<type>quarter</type>
				<stem>up</stem>
				<notations>
				</notations>
			</note>
			<note>
				<pitch>
					<step>F</step>
					<octave>4</octave>
				</pitch>
				<duration>2</duration>
				<voice>1</voice>
				<type>half</type>
				<stem>up</stem>
				<notations>
				</notations>
			</note>
			<note>
				<pitch>
					<step>E</step>
					<octave>4</octave>
				</pitch>
				<duration>1</duration>
				<voice>1</voice>
				<type>quarter</type>
				<stem>up</stem>
				<notations>
				</notations>
			</note>
		</measure>
<!--===================================================-->
		<measure number="24" width="89">
			<note>
				<pitch>
					<step>G</step>
					<octave>4</octave>
				</pitch>
				<duration>4</duration>
				<tie type="start"/>
				<voice>1</voice>
				<type>whole</type>
				<notations>
					<tied type="start"/>
				</notations>
			</note>
		</measure>
<!--===================================================-->
		<measure number="25" width="89">
			<note>
				<pitch>
					<step>G</step>
					<octave>4</octave>
				</pitch>
				<duration>4</duration>
				<tie type="stop"/>
				<voice>1</voice>
				<type>whole</type>
				<notations>
					<tied type="stop"/>
				</notations>
			</note>
		</measure>
<!--===================================================-->
		<measure number="26" width="128">
			<note>
				<rest/>
				<duration>2</duration>
				<voice>1</voice>
				<type>half</type>
				<notations>
				</notations>
			</note>
			<note>
				<pitch>
					<step>A</step>
					<octave>4</octave>
				</pitch>
				<duration>2</duration>
				<voice>1</voice>
				<type>half</type>
				<stem>up</stem>
				<notations>
				</notations>
			</note>
		</measure>
<!--===================================================-->
		<measure number="27" width="128">
			<note>
				<pitch>
					<step>G</step>
					<octave>4</octave>
				</pitch>
				<duration>2</duration>
				<voice>1</voice>
				<type>half</type>
				<stem>up</stem>
				<notations>
				</notations>
			</note>
			<note>
				<pitch>
					<step>C</step>
					<octave>5</octave>
				</pitch>
				<duration>2</duration>
				<tie type="start"/>
				<voice>1</voice>
				<type>half</type>
				<stem>down</stem>
				<notations>
					<tied type="start"/>
				</notations>
			</note>
		</measure>
<!--===================================================-->
		<measure number="28" width="128">
			<note>
				<pitch>
					<step>C</step>
					<octave>5</octave>
				</pitch>
				<duration>2</duration>
				<tie type="stop"/>
				<voice>1</voice>
				<type>half</type>
				<stem>down</stem>
				<notations>
					<tied type="stop"/>
				</notations>
			</note>
			<note>
				<pitch>
					<step>B</step>
					<octave>4</octave>
				</pitch>
				<duration>2</duration>
				<voice>1</voice>
				<type>half</type>
				<stem>down</stem>
				<notations>
				</notations>
			</note>
		</measure>
<!--===================================================-->
		<measure number="29" width="128">
			<note>
				<pitch>
					<step>C</step>
					<octave>5</octave>
				</pitch>
				<duration>4</duration>
				<voice>1</voice>
				<type>whole</type>
				<notations>
				</notations>
			</note>
		</measure>
<!--===================================================-->
		<measure number="30" width="128">
			<note>
				<pitch>
					<step>A</step>
					<octave>4</octave>
				</pitch>
				<duration>2</duration>
				<voice>1</voice>
				<type>half</type>
				<stem>up</stem>
				<notations>
				</notations>
			</note>
			<note>
				<pitch>
					<step>B</step>
					<octave>4</octave>
				</pitch>
				<duration>2</duration>
				<voice>1</voice>
				<type>half</type>
				<stem>down</stem>
				<notations>
				</notations>
			</note>
		</measure>
<!--===================================================-->
		<measure number="31" width="128">
			<note>
				<pitch>
					<step>C</step>
					<octave>5</octave>
				</pitch>
				<duration>2</duration>
				<voice>1</voice>
				<type>half</type>
				<stem>down</stem>
				<notations>
				</notations>
			</note>
			<note>
				<pitch>
					<step>B</step>
					<octave>4</octave>
				</pitch>
				<duration>2</duration>
				<tie type="start"/>
				<voice>1</voice>
				<type>half</type>
				<stem>down</stem>
				<notations>
					<tied type="start"/>
				</notations>
			</note>
		</measure>
<!--===================================================-->
		<measure number="32" width="148">
			<note>
				<pitch>
					<step>B</step>
					<octave>4</octave>
				</pitch>
				<duration>1</duration>
				<tie type="stop"/>
				<voice>1</voice>
				<type>quarter</type>
				<stem>down</stem>
				<notations>
					<tied type="stop"/>
				</notations>
			</note>
			<note>
				<pitch>
					<step>A</step>
					<octave>4</octave>
				</pitch>
				<duration>1</duration>
				<voice>1</voice>
				<type>quarter</type>
				<stem>up</stem>
				<notations>
				</notations>
			</note>
			<note>
				<pitch>
					<step>A</step>
					<octave>4</octave>
				</pitch>
				<duration>2</duration>
				<tie type="start"/>
				<voice>1</voice>
				<type>half</type>
				<stem>up</stem>
				<notations>
					<tied type="start"/>
				</notations>
			</note>
		</measure>
<!--===================================================-->
		<measure number="33" width="168">
			<note>
				<pitch>
					<step>A</step>
					<octave>4</octave>
				</pitch>
				<duration>2</duration>
				<tie type="stop"/>
				<voice>1</voice>
				<type>half</type>
				<stem>up</stem>
				<notations>
					<tied type="stop"/>
				</notations>
			</note>
			<note>
				<pitch>
					<step>G</step>
					<octave>4</octave>
				</pitch>
				<duration>2</duration>
				<voice>1</voice>
				<type>half</type>
				<stem>up</stem>
				<notations>
				</notations>
			</note>
		</measure>
<!--===================================================-->
		<measure number="34" width="132">
			<print new-system="yes">
				<system-layout>
					<system-distance>75</system-distance>
				</system-layout>
			</print>
			<note>
				<pitch>
					<step>A</step>
					<octave>4</octave>
				</pitch>
				<duration>4</duration>
				<voice>1</voice>
				<type>whole</type>
				<notations>
				</notations>
			</note>
		</measure>
<!--===================================================-->
		<measure number="35" width="92">
			<note>
				<rest>
					<display-step>D</display-step>
					<display-octave>5</display-octave>
				</rest>
				<duration>4</duration>
				<voice>1</voice>
				<notations>
				</notations>
			</note>
		</measure>
<!--===================================================-->
		<measure number="36" width="92">
			<note>
				<pitch>
					<step>G</step>
					<octave>4</octave>
				</pitch>
				<duration>2</duration>
				<voice>1</voice>
				<type>half</type>
				<stem>up</stem>
				<notations>
				</notations>
			</note>
			<note>
				<pitch>
					<step>A</step>
					<octave>4</octave>
				</pitch>
				<duration>2</duration>
				<tie type="start"/>
				<voice>1</voice>
				<type>half</type>
				<stem>up</stem>
				<notations>
					<tied type="start"/>
				</notations>
			</note>
		</measure>
<!--===================================================-->
		<measure number="37" width="133">
			<note>
				<pitch>
					<step>A</step>
					<octave>4</octave>
				</pitch>
				<duration>1</duration>
				<tie type="stop"/>
				<voice>1</voice>
				<type>quarter</type>
				<stem>up</stem>
				<notations>
					<tied type="stop"/>
				</notations>
			</note>
			<note>
				<pitch>
					<step>B</step>
					<octave>4</octave>
				</pitch>
				<duration>1</duration>
				<voice>1</voice>
				<type>quarter</type>
				<stem>down</stem>
				<notations>
				</notations>
			</note>
			<note>
				<pitch>
					<step>C</step>
					<octave>5</octave>
				</pitch>
				<duration>2</duration>
				<voice>1</voice>
				<type>half</type>
				<stem>down</stem>
				<notations>
				</notations>
			</note>
		</measure>
<!--===================================================-->
		<measure number="38" width="133">
			<note>
				<pitch>
					<step>B</step>
					<octave>4</octave>
				</pitch>
				<duration>1</duration>
				<voice>1</voice>
				<type>quarter</type>
				<stem>down</stem>
				<notations>
				</notations>
			</note>
			<note>
				<pitch>
					<step>G</step>
					<octave>4</octave>
				</pitch>
				<duration>2</duration>
				<voice>1</voice>
				<type>half</type>
				<stem>up</stem>
				<notations>
				</notations>
			</note>
			<note>
				<pitch>
					<step>F</step>
					<octave>4</octave>
				</pitch>
				<duration>1</duration>
				<voice>1</voice>
				<type>quarter</type>
				<stem>up</stem>
				<notations>
				</notations>
			</note>
		</measure>
<!--===================================================-->
		<measure number="39" width="133">
			<note>
				<pitch>
					<step>A</step>
					<octave>4</octave>
				</pitch>
				<duration>2</duration>
				<voice>1</voice>
				<type>half</type>
				<stem>up</stem>
				<notations>
				</notations>
			</note>
			<note>
				<pitch>
					<step>G</step>
					<octave>4</octave>
				</pitch>
				<duration>1</duration>
				<voice>1</voice>
				<type>quarter</type>
				<stem>up</stem>
				<notations>
				</notations>
			</note>
			<note>
				<pitch>
					<step>E</step>
					<octave>4</octave>
				</pitch>
				<duration>1</duration>
				<tie type="start"/>
				<voice>1</voice>
				<type>quarter</type>
				<stem>up</stem>
				<notations>
					<tied type="start"/>
				</notations>
			</note>
		</measure>
<!--===================================================-->
		<measure number="40" width="133">
			<note>
				<pitch>
					<step>E</step>
					<octave>4</octave>
				</pitch>
				<duration>1</duration>
				<tie type="stop"/>
				<voice>1</voice>
				<type>quarter</type>
				<stem>up</stem>
				<notations>
					<tied type="stop"/>
				</notations>
			</note>
			<note>
				<pitch>
					<step>F</step>
					<octave>4</octave>
				</pitch>
				<duration>1</duration>
				<voice>1</voice>
				<type>quarter</type>
				<stem>up</stem>
				<notations>
				</notations>
			</note>
			<note>
				<pitch>
					<step>E</step>
					<octave>4</octave>
				</pitch>
				<duration>1</duration>
				<voice>1</voice>
				<type>quarter</type>
				<stem>up</stem>
				<notations>
				</notations>
			</note>
			<note>
				<pitch>
					<step>C</step>
					<octave>4</octave>
				</pitch>
				<duration>1</duration>
				<voice>1</voice>
				<type>quarter</type>
				<stem>up</stem>
				<notations>
				</notations>
			</note>
		</measure>
<!--===================================================-->
		<measure number="41" width="113">
			<note>
				<pitch>
					<step>D</step>
					<octave>4</octave>
				</pitch>
				<duration>2</duration>
				<voice>1</voice>
				<type>half</type>
				<stem>up</stem>
				<notations>
				</notations>
			</note>
			<note>
				<pitch>
					<step>E</step>
					<octave>4</octave>
				</pitch>
				<duration>1</duration>
				<voice>1</voice>
				<type>quarter</type>
				<stem>up</stem>
				<notations>
				</notations>
			</note>
			<note>
				<pitch>
					<step>C</step>
					<octave>4</octave>
				</pitch>
				<duration>1</duration>
				<voice>1</voice>
				<type>quarter</type>
				<stem>up</stem>
				<notations>
				</notations>
			</note>
		</measure>
<!--===================================================-->
		<measure number="42" width="132">
			<note>
				<pitch>
					<step>C</step>
					<octave>4</octave>
				</pitch>
				<duration>1</duration>
				<voice>1</voice>
				<type>quarter</type>
				<stem>up</stem>
				<notations>
				</notations>
			</note>
			<note>
				<pitch>
					<step>F</step>
					<octave>4</octave>
				</pitch>
				<duration>2</duration>
				<voice>1</voice>
				<type>half</type>
				<stem>up</stem>
				<notations>
				</notations>
			</note>
			<note>
				<pitch>
					<step>E</step>
					<octave>4</octave>
				</pitch>
				<duration>1</duration>
				<voice>1</voice>
				<type>quarter</type>
				<stem>up</stem>
				<notations>
				</notations>
			</note>
		</measure>
<!--===================================================-->
		<measure number="43" width="110">
			<note>
				<pitch>
					<step>F</step>
					<octave>4</octave>
				</pitch>
				<duration>3</duration>
				<voice>1</voice>
				<type>half</type>
				<dot/>
				<stem>up</stem>
				<notations>
				</notations>
			</note>
			<note>
				<pitch>
					<step>G</step>
					<octave>4</octave>
				</pitch>
				<duration>1</duration>
				<tie type="start"/>
				<voice>1</voice>
				<type>quarter</type>
				<stem>up</stem>
				<notations>
					<tied type="start"/>
				</notations>
			</note>
		</measure>
<!--===================================================-->
		<measure number="44" width="130">
			<note>
				<pitch>
					<step>G</step>
					<octave>4</octave>
				</pitch>
				<duration>1</duration>
				<tie type="stop"/>
				<voice>1</voice>
				<type>quarter</type>
				<stem>up</stem>
				<notations>
					<tied type="stop"/>
				</notations>
			</note>
			<note>
				<pitch>
					<step>F</step>
					<octave>4</octave>
				</pitch>
				<duration>1</duration>
				<voice>1</voice>
				<type>quarter</type>
				<stem>up</stem>
				<notations>
				</notations>
			</note>
			<note>
				<pitch>
					<step>D</step>
					<octave>4</octave>
				</pitch>
				<duration>1</duration>
				<voice>1</voice>
				<type>quarter</type>
				<stem>up</stem>
				<notations>
				</notations>
			</note>
			<note>
				<pitch>
					<step>E</step>
					<octave>4</octave>
				</pitch>
				<duration>1</duration>
				<voice>1</voice>
				<type>quarter</type>
				<stem>up</stem>
				<notations>
				</notations>
			</note>
		</measure>
<!--===================================================-->
		<measure number="45" width="135">
			<attributes>
				<time symbol="normal">
					<beats>4</beats>
					<beat-type>2</beat-type>
				</time>
			</attributes>
			<note>
				<pitch>
					<step>F</step>
					<octave>4</octave>
				</pitch>
				<duration>8</duration>
				<voice>1</voice>
				<type>breve</type>
				<notations>
				</notations>
			</note>
			<barline>
				<bar-style>light-light</bar-style>
			</barline>
		</measure>
<!--===================================================-->
	</part>

	<part id="P2">
		<measure number="1" width="176">
			<print>
				<system-layout>
					<system-margins>
						<left-margin>0</left-margin>
						<right-margin>0</right-margin>
					</system-margins>
				</system-layout>
				<staff-layout number="1">
					<staff-distance>35</staff-distance>
				</staff-layout>
			</print>
			<attributes>
				<divisions>1</divisions>
				<key>
					<fifths>0</fifths>
				</key>
				<time symbol="normal">
					<beats>2</beats>
					<beat-type>2</beat-type>
				</time>
				<staves>1</staves>
				<clef number = "1">
					<sign>G</sign>
					<line>2</line>
					<clef-octave-change>-1</clef-octave-change>
				</clef>
			</attributes>
			<note>
				<pitch>
					<step>C</step>
					<octave>4</octave>
				</pitch>
				<duration>4</duration>
				<tie type="start"/>
				<voice>1</voice>
				<type>whole</type>
				<notations>
					<tied type="start"/>
				</notations>
			</note>
		</measure>
<!--===================================================-->
		<measure number="2" width="139">
			<note>
				<pitch>
					<step>C</step>
					<octave>4</octave>
				</pitch>
				<duration>4</duration>
				<tie type="start"/>
				<tie type="stop"/>
				<voice>1</voice>
				<type>whole</type>
				<notations>
					<tied type="start"/>
					<tied type="stop"/>
				</notations>
			</note>
		</measure>
<!--===================================================-->
		<measure number="3" width="139">
			<note>
				<pitch>
					<step>C</step>
					<octave>4</octave>
				</pitch>
				<duration>4</duration>
				<tie type="start"/>
				<tie type="stop"/>
				<voice>1</voice>
				<type>whole</type>
				<notations>
					<tied type="start"/>
					<tied type="stop"/>
				</notations>
			</note>
		</measure>
<!--===================================================-->
		<measure number="4" width="129">
			<note>
				<pitch>
					<step>C</step>
					<octave>4</octave>
				</pitch>
				<duration>4</duration>
				<tie type="start"/>
				<tie type="stop"/>
				<voice>1</voice>
				<type>whole</type>
				<notations>
					<tied type="start"/>
					<tied type="stop"/>
				</notations>
			</note>
		</measure>
<!--===================================================-->
		<measure number="5" width="94">
			<note>
				<pitch>
					<step>C</step>
					<octave>4</octave>
				</pitch>
				<duration>4</duration>
				<tie type="start"/>
				<tie type="stop"/>
				<voice>1</voice>
				<type>whole</type>
				<notations>
					<tied type="start"/>
					<tied type="stop"/>
				</notations>
			</note>
		</measure>
<!--===================================================-->
		<measure number="6" width="139">
			<note>
				<pitch>
					<step>C</step>
					<octave>4</octave>
				</pitch>
				<duration>4</duration>
				<tie type="stop"/>
				<voice>1</voice>
				<type>whole</type>
				<notations>
					<tied type="stop"/>
				</notations>
			</note>
		</measure>
<!--===================================================-->
		<measure number="7" width="139">
			<note>
				<pitch>
					<step>B</step>
					<octave>3</octave>
				</pitch>
				<duration>4</duration>
				<tie type="start"/>
				<voice>1</voice>
				<type>whole</type>
				<notations>
					<tied type="start"/>
				</notations>
			</note>
		</measure>
<!--===================================================-->
		<measure number="8" width="95">
			<note>
				<pitch>
					<step>B</step>
					<octave>3</octave>
				</pitch>
				<duration>4</duration>
				<tie type="stop"/>
				<voice>1</voice>
				<type>whole</type>
				<notations>
					<tied type="stop"/>
				</notations>
			</note>
		</measure>
<!--===================================================-->
		<measure number="9" width="139">
			<note>
				<pitch>
					<step>A</step>
					<octave>3</octave>
				</pitch>
				<duration>4</duration>
				<tie type="start"/>
				<voice>1</voice>
				<type>whole</type>
				<notations>
					<tied type="start"/>
				</notations>
			</note>
		</measure>
<!--===================================================-->
		<measure number="10" width="139">
			<note>
				<pitch>
					<step>A</step>
					<octave>3</octave>
				</pitch>
				<duration>4</duration>
				<tie type="stop"/>
				<voice>1</voice>
				<type>whole</type>
				<notations>
					<tied type="stop"/>
				</notations>
			</note>
		</measure>
<!--===================================================-->
		<measure number="11" width="138">
			<note>
				<pitch>
					<step>D</step>
					<octave>4</octave>
				</pitch>
				<duration>4</duration>
				<voice>1</voice>
				<type>whole</type>
				<notations>
				</notations>
			</note>
		</measure>
<!--===================================================-->
		<measure number="12" width="188">
			<print new-system="yes">
				<system-layout>
				</system-layout>
				<staff-layout number="1">
					<staff-distance>35</staff-distance>
				</staff-layout>
			</print>
			<note>
				<pitch>
					<step>C</step>
					<octave>4</octave>
				</pitch>
				<duration>4</duration>
				<voice>1</voice>
				<type>whole</type>
				<notations>
				</notations>
			</note>
		</measure>
<!--===================================================-->
		<measure number="13" width="128">
			<note>
				<pitch>
					<step>A</step>
					<octave>3</octave>
				</pitch>
				<duration>2</duration>
				<voice>1</voice>
				<type>half</type>
				<stem>up</stem>
				<notations>
				</notations>
			</note>
			<note>
				<pitch>
					<step>C</step>
					<octave>4</octave>
				</pitch>
				<duration>2</duration>
				<voice>1</voice>
				<type>half</type>
				<stem>down</stem>
				<notations>
				</notations>
			</note>
		</measure>
<!--===================================================-->
		<measure number="14" width="147">
			<note>
				<pitch>
					<step>B</step>
					<octave>3</octave>
				</pitch>
				<duration>4</duration>
				<voice>1</voice>
				<type>whole</type>
				<notations>
				</notations>
			</note>
		</measure>
<!--===================================================-->
		<measure number="15" width="89">
			<note>
				<pitch>
					<step>A</step>
					<octave>3</octave>
				</pitch>
				<duration>4</duration>
				<tie type="start"/>
				<voice>1</voice>
				<type>whole</type>
				<notations>
					<tied type="start"/>
				</notations>
			</note>
		</measure>
<!--===================================================-->
		<measure number="16" width="89">
			<note>
				<pitch>
					<step>A</step>
					<octave>3</octave>
				</pitch>
				<duration>4</duration>
				<tie type="stop"/>
				<voice>1</voice>
				<type>whole</type>
				<notations>
					<tied type="stop"/>
				</notations>
			</note>
		</measure>
<!--===================================================-->
		<measure number="17" width="128">
			<note>
				<pitch>
					<step>D</step>
					<octave>4</octave>
				</pitch>
				<duration>4</duration>
				<tie type="start"/>
				<voice>1</voice>
				<type>whole</type>
				<notations>
					<tied type="start"/>
				</notations>
			</note>
		</measure>
<!--===================================================-->
		<measure number="18" width="147">
			<note>
				<pitch>
					<step>D</step>
					<octave>4</octave>
				</pitch>
				<duration>2</duration>
				<tie type="stop"/>
				<voice>1</voice>
				<type>half</type>
				<stem>down</stem>
				<notations>
					<tied type="stop"/>
				</notations>
			</note>
			<note>
				<pitch>
					<step>C</step>
					<octave>4</octave>
				</pitch>
				<duration>2</duration>
				<voice>1</voice>
				<type>half</type>
				<stem>down</stem>
				<notations>
				</notations>
			</note>
		</measure>
<!--===================================================-->
		<measure number="19" width="147">
			<note>
				<pitch>
					<step>A</step>
					<octave>3</octave>
				</pitch>
				<duration>2</duration>
				<voice>1</voice>
				<type>half</type>
				<stem>up</stem>
				<notations>
				</notations>
			</note>
			<note>
				<pitch>
					<step>B</step>
					<octave>3</octave>
				</pitch>
				<duration>2</duration>
				<voice>1</voice>
				<type>half</type>
				<stem>down</stem>
				<notations>
				</notations>
			</note>
		</measure>
<!--===================================================-->
		<measure number="20" width="128">
			<note>
				<pitch>
					<step>C</step>
					<octave>4</octave>
				</pitch>
				<duration>4</duration>
				<voice>1</voice>
				<type>whole</type>
				<notations>
				</notations>
			</note>
		</measure>
<!--===================================================-->
		<measure number="21" width="129">
			<note>
				<pitch>
					<step>D</step>
					<octave>4</octave>
				</pitch>
				<duration>4</duration>
				<voice>1</voice>
				<type>whole</type>
				<notations>
				</notations>
			</note>
		</measure>
<!--===================================================-->
		<measure number="22" width="148">
			<note>
				<pitch>
					<step>G</step>
					<octave>3</octave>
				</pitch>
				<duration>2</duration>
				<voice>1</voice>
				<type>half</type>
				<stem>up</stem>
				<notations>
				</notations>
			</note>
			<note>
				<pitch>
					<step>B</step>
					<octave>3</octave>
				</pitch>
				<duration>2</duration>
				<voice>1</voice>
				<type>half</type>
				<stem>down</stem>
				<notations>
				</notations>
			</note>
		</measure>
<!--===================================================-->
		<measure number="23" width="206">
			<print new-system="yes">
				<system-layout>
				</system-layout>
				<staff-layout number="1">
					<staff-distance>35</staff-distance>
				</staff-layout>
			</print>
			<note>
				<pitch>
					<step>A</step>
					<octave>3</octave>
				</pitch>
				<duration>4</duration>
				<voice>1</voice>
				<type>whole</type>
				<notations>
				</notations>
			</note>
		</measure>
<!--===================================================-->
		<measure number="24" width="89">
			<note>
				<pitch>
					<step>G</step>
					<octave>3</octave>
				</pitch>
				<duration>4</duration>
				<tie type="start"/>
				<voice>1</voice>
				<type>whole</type>
				<notations>
					<tied type="start"/>
				</notations>
			</note>
		</measure>
<!--===================================================-->
		<measure number="25" width="89">
			<note>
				<pitch>
					<step>G</step>
					<octave>3</octave>
				</pitch>
				<duration>4</duration>
				<tie type="stop"/>
				<voice>1</voice>
				<type>whole</type>
				<notations>
					<tied type="stop"/>
				</notations>
			</note>
		</measure>
<!--===================================================-->
		<measure number="26" width="128">
			<note>
				<pitch>
					<step>C</step>
					<octave>4</octave>
				</pitch>
				<duration>4</duration>
				<tie type="start"/>
				<voice>1</voice>
				<type>whole</type>
				<notations>
					<tied type="start"/>
				</notations>
			</note>
		</measure>
<!--===================================================-->
		<measure number="27" width="128">
			<note>
				<pitch>
					<step>C</step>
					<octave>4</octave>
				</pitch>
				<duration>4</duration>
				<tie type="stop"/>
				<voice>1</voice>
				<type>whole</type>
				<notations>
					<tied type="stop"/>
				</notations>
			</note>
		</measure>
<!--===================================================-->
		<measure number="28" width="128">
			<note>
				<pitch>
					<step>D</step>
					<octave>4</octave>
				</pitch>
				<duration>4</duration>
				<voice>1</voice>
				<type>whole</type>
				<notations>
				</notations>
			</note>
		</measure>
<!--===================================================-->
		<measure number="29" width="128">
			<note>
				<pitch>
					<step>C</step>
					<octave>4</octave>
				</pitch>
				<duration>2</duration>
				<voice>1</voice>
				<type>half</type>
				<stem>down</stem>
				<notations>
				</notations>
			</note>
			<note>
				<pitch>
					<step>F</step>
					<octave>4</octave>
				</pitch>
				<duration>2</duration>
				<tie type="start"/>
				<voice>1</voice>
				<type>half</type>
				<stem>down</stem>
				<notations>
					<tied type="start"/>
				</notations>
			</note>
		</measure>
<!--===================================================-->
		<measure number="30" width="128">
			<note>
				<pitch>
					<step>F</step>
					<octave>4</octave>
				</pitch>
				<duration>2</duration>
				<tie type="stop"/>
				<voice>1</voice>
				<type>half</type>
				<stem>down</stem>
				<notations>
					<tied type="stop"/>
				</notations>
			</note>
			<note>
				<pitch>
					<step>E</step>
					<octave>4</octave>
				</pitch>
				<duration>2</duration>
				<voice>1</voice>
				<type>half</type>
				<stem>down</stem>
				<notations>
				</notations>
			</note>
		</measure>
<!--===================================================-->
		<measure number="31" width="128">
			<note>
				<pitch>
					<step>C</step>
					<octave>4</octave>
				</pitch>
				<duration>2</duration>
				<voice>1</voice>
				<type>half</type>
				<stem>down</stem>
				<notations>
				</notations>
			</note>
			<note>
				<pitch>
					<step>D</step>
					<octave>4</octave>
				</pitch>
				<duration>2</duration>
				<tie type="start"/>
				<voice>1</voice>
				<type>half</type>
				<stem>down</stem>
				<notations>
					<tied type="start"/>
				</notations>
			</note>
		</measure>
<!--===================================================-->
		<measure number="32" width="148">
			<note>
				<pitch>
					<step>D</step>
					<octave>4</octave>
				</pitch>
				<duration>2</duration>
				<tie type="stop"/>
				<voice>1</voice>
				<type>half</type>
				<stem>down</stem>
				<notations>
					<tied type="stop"/>
				</notations>
			</note>
			<note>
				<pitch>
					<step>C</step>
					<octave>4</octave>
				</pitch>
				<duration>2</duration>
				<voice>1</voice>
				<type>half</type>
				<stem>down</stem>
				<notations>
				</notations>
			</note>
		</measure>
<!--===================================================-->
		<measure number="33" width="168">
			<note>
				<pitch>
					<step>B</step>
					<octave>3</octave>
				</pitch>
				<duration>4</duration>
				<voice>1</voice>
				<type>whole</type>
				<notations>
				</notations>
			</note>
		</measure>
<!--===================================================-->
		<measure number="34" width="132">
			<print new-system="yes">
				<system-layout>
				</system-layout>
				<staff-layout number="1">
					<staff-distance>35</staff-distance>
				</staff-layout>
			</print>
			<note>
				<pitch>
					<step>A</step>
					<octave>3</octave>
				</pitch>
				<duration>4</duration>
				<tie type="start"/>
				<voice>1</voice>
				<type>whole</type>
				<notations>
					<tied type="start"/>
				</notations>
			</note>
		</measure>
<!--===================================================-->
		<measure number="35" width="92">
			<note>
				<pitch>
					<step>A</step>
					<octave>3</octave>
				</pitch>
				<duration>4</duration>
				<tie type="stop"/>
				<voice>1</voice>
				<type>whole</type>
				<notations>
					<tied type="stop"/>
				</notations>
			</note>
		</measure>
<!--===================================================-->
		<measure number="36" width="92">
			<note>
				<pitch>
					<step>C</step>
					<octave>4</octave>
				</pitch>
				<duration>4</duration>
				<voice>1</voice>
				<type>whole</type>
				<notations>
				</notations>
			</note>
		</measure>
<!--===================================================-->
		<measure number="37" width="133">
			<note>
				<pitch>
					<step>F</step>
					<octave>3</octave>
				</pitch>
				<duration>4</duration>
				<voice>1</voice>
				<type>whole</type>
				<notations>
				</notations>
			</note>
		</measure>
<!--===================================================-->
		<measure number="38" width="133">
			<note>
				<pitch>
					<step>G</step>
					<octave>3</octave>
				</pitch>
				<duration>2</duration>
				<voice>1</voice>
				<type>half</type>
				<stem>up</stem>
				<notations>
				</notations>
			</note>
			<note>
				<pitch>
					<step>E</step>
					<octave>3</octave>
				</pitch>
				<duration>2</duration>
				<voice>1</voice>
				<type>half</type>
				<stem>up</stem>
				<notations>
				</notations>
			</note>
		</measure>
<!--===================================================-->
		<measure number="39" width="133">
			<note>
				<pitch>
					<step>F</step>
					<octave>3</octave>
				</pitch>
				<duration>2</duration>
				<voice>1</voice>
				<type>half</type>
				<stem>up</stem>
				<notations>
				</notations>
			</note>
			<note>
				<pitch>
					<step>G</step>
					<octave>3</octave>
				</pitch>
				<duration>2</duration>
				<voice>1</voice>
				<type>half</type>
				<stem>up</stem>
				<notations>
				</notations>
			</note>
		</measure>
<!--===================================================-->
		<measure number="40" width="133">
			<note>
				<pitch>
					<step>A</step>
					<octave>3</octave>
				</pitch>
				<duration>4</duration>
				<voice>1</voice>
				<type>whole</type>
				<notations>
				</notations>
			</note>
		</measure>
<!--===================================================-->
		<measure number="41" width="113">
			<note>
				<pitch>
					<step>B</step>
					<octave>3</octave>
				</pitch>
				<duration>2</duration>
				<voice>1</voice>
				<type>half</type>
				<stem>down</stem>
				<notations>
				</notations>
			</note>
			<note>
				<pitch>
					<step>C</step>
					<octave>4</octave>
				</pitch>
				<duration>2</duration>
				<voice>1</voice>
				<type>half</type>
				<stem>down</stem>
				<notations>
				</notations>
			</note>
		</measure>
<!--===================================================-->
		<measure number="42" width="132">
			<note>
				<pitch>
					<step>F</step>
					<octave>3</octave>
				</pitch>
				<duration>2</duration>
				<voice>1</voice>
				<type>half</type>
				<stem>up</stem>
				<notations>
				</notations>
			</note>
			<note>
				<pitch>
					<step>A</step>
					<octave>3</octave>
				</pitch>
				<duration>2</duration>
				<tie type="start"/>
				<voice>1</voice>
				<type>half</type>
				<stem>up</stem>
				<notations>
					<tied type="start"/>
				</notations>
			</note>
		</measure>
<!--===================================================-->
		<measure number="43" width="110">
			<note>
				<pitch>
					<step>A</step>
					<octave>3</octave>
				</pitch>
				<duration>2</duration>
				<tie type="stop"/>
				<voice>1</voice>
				<type>half</type>
				<stem>up</stem>
				<notations>
					<tied type="stop"/>
				</notations>
			</note>
			<note>
				<pitch>
					<step>B</step>
					<octave>3</octave>
				</pitch>
				<duration>2</duration>
				<voice>1</voice>
				<type>half</type>
				<stem>down</stem>
				<notations>
				</notations>
			</note>
		</measure>
<!--===================================================-->
		<measure number="44" width="130">
			<note>
				<pitch>
					<step>G</step>
					<octave>3</octave>
				</pitch>
				<duration>4</duration>
				<voice>1</voice>
				<type>whole</type>
				<notations>
				</notations>
			</note>
		</measure>
<!--===================================================-->
		<measure number="45" width="135">
			<attributes>
				<time symbol="normal">
					<beats>4</beats>
					<beat-type>2</beat-type>
				</time>
			</attributes>
			<note>
				<pitch>
					<step>F</step>
					<octave>3</octave>
				</pitch>
				<duration>8</duration>
				<voice>1</voice>
				<type>breve</type>
				<notations>
				</notations>
			</note>
			<barline>
				<bar-style>light-light</bar-style>
			</barline>
		</measure>
<!--===================================================-->
	</part>

	<part id="P3">
		<measure number="1" width="176">
			<print>
				<system-layout>
					<system-margins>
						<left-margin>0</left-margin>
						<right-margin>0</right-margin>
					</system-margins>
				</system-layout>
				<staff-layout number="1">
					<staff-distance>45</staff-distance>
				</staff-layout>
			</print>
			<attributes>
				<divisions>1</divisions>
				<key>
					<fifths>0</fifths>
				</key>
				<time symbol="normal">
					<beats>2</beats>
					<beat-type>2</beat-type>
				</time>
				<staves>1</staves>
				<clef number = "1">
					<sign>G</sign>
					<line>2</line>
					<clef-octave-change>-1</clef-octave-change>
				</clef>
			</attributes>
			<note>
				<pitch>
					<step>C</step>
					<octave>4</octave>
				</pitch>
				<duration>4</duration>
				<voice>1</voice>
				<type>whole</type>
				<notations>
				</notations>
			</note>
		</measure>
<!--===================================================-->
		<measure number="2" width="139">
			<note>
				<pitch>
					<step>A</step>
					<octave>3</octave>
				</pitch>
				<duration>4</duration>
				<voice>1</voice>
				<type>whole</type>
				<notations>
				</notations>
			</note>
		</measure>
<!--===================================================-->
		<measure number="3" width="139">
			<note>
				<pitch>
					<step>F</step>
					<octave>3</octave>
				</pitch>
				<duration>4</duration>
				<tie type="start"/>
				<voice>1</voice>
				<type>whole</type>
				<notations>
					<tied type="start"/>
				</notations>
			</note>
		</measure>
<!--===================================================-->
		<measure number="4" width="129">
			<note>
				<pitch>
					<step>F</step>
					<octave>3</octave>
				</pitch>
				<duration>4</duration>
				<tie type="stop"/>
				<voice>1</voice>
				<type>whole</type>
				<notations>
					<tied type="stop"/>
				</notations>
			</note>
		</measure>
<!--===================================================-->
		<measure number="5" width="94">
			<note>
				<pitch>
					<step>C</step>
					<octave>3</octave>
				</pitch>
				<duration>4</duration>
				<tie type="start"/>
				<voice>1</voice>
				<type>whole</type>
				<notations>
					<tied type="start"/>
				</notations>
			</note>
		</measure>
<!--===================================================-->
		<measure number="6" width="139">
			<note>
				<pitch>
					<step>C</step>
					<octave>3</octave>
				</pitch>
				<duration>4</duration>
				<tie type="stop"/>
				<voice>1</voice>
				<type>whole</type>
				<notations>
					<tied type="stop"/>
				</notations>
			</note>
		</measure>
<!--===================================================-->
		<measure number="7" width="139">
			<note>
				<pitch>
					<step>G</step>
					<octave>3</octave>
				</pitch>
				<duration>4</duration>
				<tie type="start"/>
				<voice>1</voice>
				<type>whole</type>
				<notations>
					<tied type="start"/>
				</notations>
			</note>
		</measure>
<!--===================================================-->
		<measure number="8" width="95">
			<note>
				<pitch>
					<step>G</step>
					<octave>3</octave>
				</pitch>
				<duration>4</duration>
				<tie type="stop"/>
				<voice>1</voice>
				<type>whole</type>
				<notations>
					<tied type="stop"/>
				</notations>
			</note>
		</measure>
<!--===================================================-->
		<measure number="9" width="139">
			<note>
				<pitch>
					<step>A</step>
					<octave>3</octave>
				</pitch>
				<duration>2</duration>
				<voice>1</voice>
				<type>half</type>
				<stem>up</stem>
				<notations>
				</notations>
			</note>
			<note>
				<pitch>
					<step>F</step>
					<octave>3</octave>
				</pitch>
				<duration>2</duration>
				<tie type="start"/>
				<voice>1</voice>
				<type>half</type>
				<stem>up</stem>
				<notations>
					<tied type="start"/>
				</notations>
			</note>
		</measure>
<!--===================================================-->
		<measure number="10" width="139">
			<note>
				<pitch>
					<step>F</step>
					<octave>3</octave>
				</pitch>
				<duration>2</duration>
				<tie type="stop"/>
				<voice>1</voice>
				<type>half</type>
				<stem>up</stem>
				<notations>
					<tied type="stop"/>
				</notations>
			</note>
			<note>
				<pitch>
					<step>C</step>
					<octave>4</octave>
				</pitch>
				<duration>2</duration>
				<voice>1</voice>
				<type>half</type>
				<stem>down</stem>
				<notations>
				</notations>
			</note>
		</measure>
<!--===================================================-->
		<measure number="11" width="138">
			<note>
				<pitch>
					<step>B</step>
					<octave>3</octave>
				</pitch>
				<duration>4</duration>
				<voice>1</voice>
				<type>whole</type>
				<notations>
				</notations>
			</note>
		</measure>
<!--===================================================-->
		<measure number="12" width="188">
			<print new-system="yes">
				<system-layout>
				</system-layout>
				<staff-layout number="1">
					<staff-distance>45</staff-distance>
				</staff-layout>
			</print>
			<note>
				<pitch>
					<step>A</step>
					<octave>3</octave>
				</pitch>
				<duration>4</duration>
				<voice>1</voice>
				<type>whole</type>
				<notations>
				</notations>
			</note>
		</measure>
<!--===================================================-->
		<measure number="13" width="128">
			<note>
				<pitch>
					<step>C</step>
					<octave>4</octave>
				</pitch>
				<duration>4</duration>
				<voice>1</voice>
				<type>whole</type>
				<notations>
				</notations>
			</note>
		</measure>
<!--===================================================-->
		<measure number="14" width="147">
			<note>
				<pitch>
					<step>D</step>
					<octave>4</octave>
				</pitch>
				<duration>4</duration>
				<voice>1</voice>
				<type>whole</type>
				<notations>
				</notations>
			</note>
		</measure>
<!--===================================================-->
		<measure number="15" width="89">
			<note>
				<pitch>
					<step>E</step>
					<octave>4</octave>
				</pitch>
				<duration>4</duration>
				<tie type="start"/>
				<voice>1</voice>
				<type>whole</type>
				<notations>
					<tied type="start"/>
				</notations>
			</note>
		</measure>
<!--===================================================-->
		<measure number="16" width="89">
			<note>
				<pitch>
					<step>E</step>
					<octave>4</octave>
				</pitch>
				<duration>4</duration>
				<tie type="stop"/>
				<voice>1</voice>
				<type>whole</type>
				<notations>
					<tied type="stop"/>
				</notations>
			</note>
		</measure>
<!--===================================================-->
		<measure number="17" width="128">
			<note>
				<pitch>
					<step>F</step>
					<octave>4</octave>
				</pitch>
				<duration>2</duration>
				<voice>1</voice>
				<type>half</type>
				<stem>down</stem>
				<notations>
				</notations>
			</note>
			<note>
				<pitch>
					<step>D</step>
					<octave>4</octave>
				</pitch>
				<duration>2</duration>
				<voice>1</voice>
				<type>half</type>
				<stem>down</stem>
				<notations>
				</notations>
			</note>
		</measure>
<!--===================================================-->
		<measure number="18" width="147">
			<note>
				<pitch>
					<step>F</step>
					<octave>4</octave>
				</pitch>
				<duration>2</duration>
				<voice>1</voice>
				<type>half</type>
				<stem>down</stem>
				<notations>
				</notations>
			</note>
			<note>
				<pitch>
					<step>E</step>
					<octave>4</octave>
				</pitch>
				<duration>2</duration>
				<tie type="start"/>
				<voice>1</voice>
				<type>half</type>
				<stem>down</stem>
				<notations>
					<tied type="start"/>
				</notations>
			</note>
		</measure>
<!--===================================================-->
		<measure number="19" width="147">
			<note>
				<pitch>
					<step>E</step>
					<octave>4</octave>
				</pitch>
				<duration>1</duration>
				<tie type="stop"/>
				<voice>1</voice>
				<type>quarter</type>
				<stem>down</stem>
				<notations>
					<tied type="stop"/>
				</notations>
			</note>
			<note>
				<pitch>
					<step>C</step>
					<octave>4</octave>
				</pitch>
				<duration>1</duration>
				<voice>1</voice>
				<type>quarter</type>
				<stem>down</stem>
				<notations>
				</notations>
			</note>
			<note>
				<pitch>
					<step>D</step>
					<octave>4</octave>
				</pitch>
				<duration>2</duration>
				<voice>1</voice>
				<type>half</type>
				<stem>down</stem>
				<notations>
				</notations>
			</note>
		</measure>
<!--===================================================-->
		<measure number="20" width="128">
			<note>
				<pitch>
					<step>E</step>
					<octave>4</octave>
				</pitch>
				<duration>4</duration>
				<voice>1</voice>
				<type>whole</type>
				<notations>
				</notations>
			</note>
		</measure>
<!--===================================================-->
		<measure number="21" width="129">
			<note>
				<pitch>
					<step>F</step>
					<octave>4</octave>
				</pitch>
				<duration>2</duration>
				<voice>1</voice>
				<type>half</type>
				<stem>down</stem>
				<notations>
				</notations>
			</note>
			<note>
				<pitch>
					<step>D</step>
					<octave>4</octave>
				</pitch>
				<duration>2</duration>
				<tie type="start"/>
				<voice>1</voice>
				<type>half</type>
				<stem>down</stem>
				<notations>
					<tied type="start"/>
				</notations>
			</note>
		</measure>
<!--===================================================-->
		<measure number="22" width="148">
			<note>
				<pitch>
					<step>D</step>
					<octave>4</octave>
				</pitch>
				<duration>4</duration>
				<tie type="start"/>
				<tie type="stop"/>
				<voice>1</voice>
				<type>whole</type>
				<notations>
					<tied type="start"/>
					<tied type="stop"/>
				</notations>
			</note>
		</measure>
<!--===================================================-->
		<measure number="23" width="206">
			<print new-system="yes">
				<system-layout>
				</system-layout>
				<staff-layout number="1">
					<staff-distance>45</staff-distance>
				</staff-layout>
			</print>
			<note>
				<pitch>
					<step>D</step>
					<octave>4</octave>
				</pitch>
				<duration>2</duration>
				<tie type="stop"/>
				<voice>1</voice>
				<type>half</type>
				<stem>down</stem>
				<notations>
					<tied type="stop"/>
				</notations>
			</note>
			<note>
				<pitch>
					<step>C</step>
					<octave>4</octave>
				</pitch>
				<duration>2</duration>
				<voice>1</voice>
				<type>half</type>
				<stem>down</stem>
				<notations>
				</notations>
			</note>
		</measure>
<!--===================================================-->
		<measure number="24" width="89">
			<note>
				<pitch>
					<step>D</step>
					<octave>4</octave>
				</pitch>
				<duration>4</duration>
				<voice>1</voice>
				<type>whole</type>
				<notations>
				</notations>
			</note>
		</measure>
<!--===================================================-->
		<measure number="25" width="89">
			<note>
				<rest>
					<display-step>D</display-step>
					<display-octave>4</display-octave>
				</rest>
				<duration>4</duration>
				<voice>1</voice>
				<notations>
				</notations>
			</note>
		</measure>
<!--===================================================-->
		<measure number="26" width="128">
			<note>
				<pitch>
					<step>E</step>
					<octave>4</octave>
				</pitch>
				<duration>4</duration>
				<voice>1</voice>
				<type>whole</type>
				<notations>
				</notations>
			</note>
		</measure>
<!--===================================================-->
		<measure number="27" width="128">
			<note>
				<pitch>
					<step>C</step>
					<octave>4</octave>
				</pitch>
				<duration>2</duration>
				<voice>1</voice>
				<type>half</type>
				<stem>down</stem>
				<notations>
				</notations>
			</note>
			<note>
				<pitch>
					<step>A</step>
					<octave>3</octave>
				</pitch>
				<duration>2</duration>
				<voice>1</voice>
				<type>half</type>
				<stem>up</stem>
				<notations>
				</notations>
			</note>
		</measure>
<!--===================================================-->
		<measure number="28" width="128">
			<note>
				<pitch>
					<step>G</step>
					<octave>3</octave>
				</pitch>
				<duration>4</duration>
				<voice>1</voice>
				<type>whole</type>
				<notations>
				</notations>
			</note>
		</measure>
<!--===================================================-->
		<measure number="29" width="128">
			<note>
				<pitch>
					<step>A</step>
					<octave>3</octave>
				</pitch>
				<duration>2</duration>
				<voice>1</voice>
				<type>half</type>
				<stem>up</stem>
				<notations>
				</notations>
			</note>
			<note>
				<pitch>
					<step>F</step>
					<octave>3</octave>
				</pitch>
				<duration>2</duration>
				<tie type="start"/>
				<voice>1</voice>
				<type>half</type>
				<stem>up</stem>
				<notations>
					<tied type="start"/>
				</notations>
			</note>
		</measure>
<!--===================================================-->
		<measure number="30" width="128">
			<note>
				<pitch>
					<step>F</step>
					<octave>3</octave>
				</pitch>
				<duration>2</duration>
				<tie type="stop"/>
				<voice>1</voice>
				<type>half</type>
				<stem>up</stem>
				<notations>
					<tied type="stop"/>
				</notations>
			</note>
			<note>
				<pitch>
					<step>G</step>
					<octave>3</octave>
				</pitch>
				<duration>2</duration>
				<voice>1</voice>
				<type>half</type>
				<stem>up</stem>
				<notations>
				</notations>
			</note>
		</measure>
<!--===================================================-->
		<measure number="31" width="128">
			<note>
				<pitch>
					<step>A</step>
					<octave>3</octave>
				</pitch>
				<duration>2</duration>
				<voice>1</voice>
				<type>half</type>
				<stem>up</stem>
				<notations>
				</notations>
			</note>
			<note>
				<pitch>
					<step>G</step>
					<octave>3</octave>
				</pitch>
				<duration>2</duration>
				<tie type="start"/>
				<voice>1</voice>
				<type>half</type>
				<stem>up</stem>
				<notations>
					<tied type="start"/>
				</notations>
			</note>
		</measure>
<!--===================================================-->
		<measure number="32" width="148">
			<note>
				<pitch>
					<step>G</step>
					<octave>3</octave>
				</pitch>
				<duration>1</duration>
				<tie type="stop"/>
				<voice>1</voice>
				<type>quarter</type>
				<stem>up</stem>
				<notations>
					<tied type="stop"/>
				</notations>
			</note>
			<note>
				<pitch>
					<step>F</step>
					<octave>3</octave>
				</pitch>
				<duration>1</duration>
				<voice>1</voice>
				<type>quarter</type>
				<stem>up</stem>
				<notations>
				</notations>
			</note>
			<note>
				<pitch>
					<step>A</step>
					<octave>3</octave>
				</pitch>
				<duration>2</duration>
				<voice>1</voice>
				<type>half</type>
				<stem>up</stem>
				<notations>
				</notations>
			</note>
		</measure>
<!--===================================================-->
		<measure number="33" width="168">
			<note>
				<rest/>
				<duration>1</duration>
				<voice>1</voice>
				<type>quarter</type>
				<notations>
				</notations>
			</note>
			<note>
				<pitch>
					<step>D</step>
					<octave>4</octave>
				</pitch>
				<duration>2</duration>
				<voice>1</voice>
				<type>half</type>
				<stem>down</stem>
				<notations>
				</notations>
			</note>
			<note>
				<pitch>
					<step>C</step>
					<octave>4</octave>
				</pitch>
				<duration>1</duration>
				<voice>1</voice>
				<type>quarter</type>
				<stem>down</stem>
				<notations>
				</notations>
			</note>
		</measure>
<!--===================================================-->
		<measure number="34" width="132">
			<print new-system="yes">
				<system-layout>
				</system-layout>
				<staff-layout number="1">
					<staff-distance>45</staff-distance>
				</staff-layout>
			</print>
			<note>
				<pitch>
					<step>E</step>
					<octave>4</octave>
				</pitch>
				<duration>2</duration>
				<voice>1</voice>
				<type>half</type>
				<stem>down</stem>
				<notations>
				</notations>
			</note>
			<note>
				<pitch>
					<step>F</step>
					<octave>4</octave>
				</pitch>
				<duration>2</duration>
				<voice>1</voice>
				<type>half</type>
				<stem>down</stem>
				<notations>
				</notations>
			</note>
		</measure>
<!--===================================================-->
		<measure number="35" width="92">
			<note>
				<pitch>
					<step>E</step>
					<octave>4</octave>
				</pitch>
				<duration>2</duration>
				<voice>1</voice>
				<type>half</type>
				<stem>down</stem>
				<notations>
				</notations>
			</note>
			<note>
				<pitch>
					<step>C</step>
					<octave>4</octave>
				</pitch>
				<duration>2</duration>
				<voice>1</voice>
				<type>half</type>
				<stem>down</stem>
				<notations>
				</notations>
			</note>
		</measure>
<!--===================================================-->
		<measure number="36" width="92">
			<note>
				<rest/>
				<duration>2</duration>
				<voice>1</voice>
				<type>half</type>
				<notations>
				</notations>
			</note>
			<note>
				<pitch>
					<step>F</step>
					<octave>3</octave>
				</pitch>
				<duration>2</duration>
				<voice>1</voice>
				<type>half</type>
				<stem>up</stem>
				<notations>
				</notations>
			</note>
		</measure>
<!--===================================================-->
		<measure number="37" width="133">
			<note>
				<pitch>
					<step>C</step>
					<octave>4</octave>
				</pitch>
				<duration>2</duration>
				<voice>1</voice>
				<type>half</type>
				<stem>down</stem>
				<notations>
				</notations>
			</note>
			<note>
				<pitch>
					<step>A</step>
					<octave>3</octave>
				</pitch>
				<duration>1</duration>
				<voice>1</voice>
				<type>quarter</type>
				<stem>up</stem>
				<notations>
				</notations>
			</note>
			<note>
				<pitch>
					<step>C</step>
					<octave>4</octave>
				</pitch>
				<duration>1</duration>
				<tie type="start"/>
				<voice>1</voice>
				<type>quarter</type>
				<stem>down</stem>
				<notations>
					<tied type="start"/>
				</notations>
			</note>
		</measure>
<!--===================================================-->
		<measure number="38" width="133">
			<note>
				<pitch>
					<step>C</step>
					<octave>4</octave>
				</pitch>
				<duration>1</duration>
				<tie type="stop"/>
				<voice>1</voice>
				<type>quarter</type>
				<stem>down</stem>
				<notations>
					<tied type="stop"/>
				</notations>
			</note>
			<note>
				<pitch>
					<step>B</step>
					<octave>3</octave>
				</pitch>
				<duration>1</duration>
				<voice>1</voice>
				<type>quarter</type>
				<stem>down</stem>
				<notations>
				</notations>
			</note>
			<note>
				<pitch>
					<step>G</step>
					<octave>3</octave>
				</pitch>
				<duration>2</duration>
				<voice>1</voice>
				<type>half</type>
				<stem>up</stem>
				<notations>
				</notations>
			</note>
		</measure>
<!--===================================================-->
		<measure number="39" width="133">
			<note>
				<pitch>
					<step>F</step>
					<octave>3</octave>
				</pitch>
				<duration>1</duration>
				<voice>1</voice>
				<type>quarter</type>
				<stem>up</stem>
				<notations>
				</notations>
			</note>
			<note>
				<pitch>
					<step>A</step>
					<octave>3</octave>
				</pitch>
				<duration>2</duration>
				<voice>1</voice>
				<type>half</type>
				<stem>up</stem>
				<notations>
				</notations>
			</note>
			<note>
				<pitch>
					<step>B</step>
					<octave>3</octave>
				</pitch>
				<duration>1</duration>
				<voice>1</voice>
				<type>quarter</type>
				<stem>down</stem>
				<notations>
				</notations>
			</note>
		</measure>
<!--===================================================-->
		<measure number="40" width="133">
			<note>
				<pitch>
					<step>C</step>
					<octave>4</octave>
				</pitch>
				<duration>2</duration>
				<voice>1</voice>
				<type>half</type>
				<stem>down</stem>
				<notations>
				</notations>
			</note>
			<note>
				<pitch>
					<step>A</step>
					<octave>3</octave>
				</pitch>
				<duration>2</duration>
				<voice>1</voice>
				<type>half</type>
				<stem>up</stem>
				<notations>
				</notations>
			</note>
		</measure>
<!--===================================================-->
		<measure number="41" width="113">
			<note>
				<pitch>
					<step>G</step>
					<octave>3</octave>
				</pitch>
				<duration>2</duration>
				<voice>1</voice>
				<type>half</type>
				<stem>up</stem>
				<notations>
				</notations>
			</note>
			<note>
				<pitch>
					<step>C</step>
					<octave>3</octave>
				</pitch>
				<duration>2</duration>
				<voice>1</voice>
				<type>half</type>
				<stem>up</stem>
				<notations>
				</notations>
			</note>
		</measure>
<!--===================================================-->
		<measure number="42" width="132">
			<note>
				<pitch>
					<step>A</step>
					<octave>3</octave>
				</pitch>
				<duration>2</duration>
				<voice>1</voice>
				<type>half</type>
				<stem>up</stem>
				<notations>
				</notations>
			</note>
			<note>
				<pitch>
					<step>F</step>
					<octave>3</octave>
				</pitch>
				<duration>2</duration>
				<voice>1</voice>
				<type>half</type>
				<stem>up</stem>
				<notations>
				</notations>
			</note>
		</measure>
<!--===================================================-->
		<measure number="43" width="110">
			<note>
				<pitch>
					<step>C</step>
					<octave>4</octave>
				</pitch>
				<duration>2</duration>
				<voice>1</voice>
				<type>half</type>
				<stem>down</stem>
				<notations>
				</notations>
			</note>
			<note>
				<pitch>
					<step>D</step>
					<octave>4</octave>
				</pitch>
				<duration>2</duration>
				<tie type="start"/>
				<voice>1</voice>
				<type>half</type>
				<stem>down</stem>
				<notations>
					<tied type="start"/>
				</notations>
			</note>
		</measure>
<!--===================================================-->
		<measure number="44" width="130">
			<note>
				<pitch>
					<step>D</step>
					<octave>4</octave>
				</pitch>
				<duration>1</duration>
				<tie type="stop"/>
				<voice>1</voice>
				<type>quarter</type>
				<stem>down</stem>
				<notations>
					<tied type="stop"/>
				</notations>
			</note>
			<note>
				<pitch>
					<step>B</step>
					<octave>3</octave>
				</pitch>
				<duration>2</duration>
				<voice>1</voice>
				<type>half</type>
				<stem>down</stem>
				<notations>
				</notations>
			</note>
			<note>
				<pitch>
					<step>A</step>
					<octave>3</octave>
				</pitch>
				<duration>1</duration>
				<voice>1</voice>
				<type>quarter</type>
				<stem>up</stem>
				<notations>
				</notations>
			</note>
		</measure>
<!--===================================================-->
		<measure number="45" width="135">
			<attributes>
				<time symbol="normal">
					<beats>4</beats>
					<beat-type>2</beat-type>
				</time>
			</attributes>
			<note>
				<pitch>
					<step>C</step>
					<octave>4</octave>
				</pitch>
				<duration>8</duration>
				<voice>1</voice>
				<type>breve</type>
				<notations>
				</notations>
			</note>
			<barline>
				<bar-style>light-light</bar-style>
			</barline>
		</measure>
<!--===================================================-->
	</part>

</score-partwise>
