;avg_note_duration;avg_pitch;note_duration_std;pitch_std;weighted_avg_pitch_freq;587.3295358348153;2.0;4.0;0.5;1.5;0.25;0.0;class_label;783.990871963499
0;0.9656160458452722;295.6587632366469;0.5474279336593574;130.5264701625565;291.0320432056632;0.03151862464183381;0.10601719197707736;0.0;0.3925501432664757;0.020057306590257885;0.0;0.0;baroque;0.0
1;1.8395415472779366;323.76514174049294;1.4305952100963482;129.32075052090394;577.4976794843813;0.02722063037249284;0.2535816618911175;0.15472779369627507;0.2922636103151863;0.025787965616045846;0.0;0.0;baroque;0.0
2;1.1594488188976375;294.9041073886065;0.9567000015939092;136.930397805669;329.894928443302;0.023622047244094488;0.09645669291338584;0.06889763779527561;0.3307086614173229;0.009842519685039372;0.05118110236220473;0.0;baroque;0.0
3;0.8496361301369864;353.2145827110615;0.7485664283482747;162.05974355991384;287.6548083648245;0.0547945205479452;0.10231164383561643;0.009417808219178082;0.421875;0.031892123287671235;0.1735873287671233;0.0006421232876712327;baroque;0.014554794520547944
4;0.5092239185750637;322.89472585947016;0.278572393390299;155.0740029496787;162.57012665189475;0.0267175572519084;0.0178117048346056;0.0;0.6666666666666666;0.0038167938931297713;0.2340966921119593;0.0012722646310432573;baroque;0.0063613231552162855
5;0.8799585169821105;320.92659384677614;0.6374820821576113;180.45842165554242;279.6972186420415;0.04848327715841328;0.0627430645579466;0.009074410163339385;0.4884625356494685;0.00311122634171636;0.0;0.0;baroque;0.009592947886958778
6;0.5609683203825463;316.93055435249437;0.4225992148906204;180.69323210797074;180.01627903696163;0.04722056186491333;0.03347280334728033;0.002390914524805738;0.4632396891811118;0.01852958756724447;0.3436939629408249;0.0;baroque;0.013150029886431559
7;1.7610410094637223;333.3129621395876;0.8139630365174124;193.75477886851183;632.1949387034432;0.007886435331230283;0.5851735015772871;0.02996845425867508;0.0015772870662460567;0.0;0.0;0.0;baroque;0.012618296529968456
8;1.3793103448275863;314.35921623829614;0.6863426192816601;144.32782056169248;426.18804468592333;0.0421455938697318;0.1724137931034483;0.0;0.057471264367816084;0.057471264367816084;0.0;0.0;baroque;0.0038314176245210726
9;0.4507692307692308;370.778995050465;0.3262506895788733;181.57954121882847;159.32560350302222;0.04230769230769231;0.006923076923076922;0.002307692307692308;0.3419230769230769;0.0007692307692307692;0.4934615384615385;0.0;baroque;0.018461538461538463
10;0.5366419294990723;423.3635081721378;0.2976541902593465;247.54222344311174;211.167606317299;0.0575139146567718;0.00453514739229025;0.0;0.5328798185941043;0.007215007215007216;0.26303854875283444;0.0;baroque;0.04205318491032775
11;0.4038796102992345;350.0123264106066;0.20139712285519515;185.37664269875583;135.24733546264642;0.04836464857341684;0.0;0.0;0.4558107167710509;0.009742519137091165;0.48851774530271397;0.0010438413361169103;baroque;0.02192066805845512
12;0.43369690011481055;271.7396427361772;0.3803187616777223;111.00725895083258;121.4636629679809;0.009184845005740528;0.02066590126291619;0.003444316877152698;0.2743972445464983;0.003444316877152698;0.6033295063145809;0.0;baroque;0.0
13;0.8846052631578948;355.987014143442;0.7146768515053236;150.5020218024119;321.36374639440635;0.034078947368421056;0.09302631578947368;0.006973684210526316;0.3888157894736842;0.01855263157894737;0.13657894736842105;0.0;baroque;0.006973684210526316
14;0.4196298984034833;440.24027696800033;0.2576244978505204;206.10099977133962;171.33391132269722;0.08018867924528301;0.002177068214804064;0.001451378809869376;0.4274310595065313;0.001088534107402032;0.4902031930333818;0.0;baroque;0.028301886792452824
15;0.4710144927536232;443.51441926106764;0.32966489721229303;253.72549889675503;196.5631094211857;0.034255599472990776;0.0;0.006587615283267457;0.619235836627141;0.0;0.30566534914361;0.0;baroque;0.03293807641633729
16;0.5405576679340938;478.0493831005995;0.34690767670197825;212.0291788708509;242.29451096984027;0.10519645120405577;0.01774397972116603;0.0;0.3498098859315589;0.0012674271229404306;0.4005069708491762;0.0;baroque;0.044359949302915085
17;1.6620521172638436;297.8224453577216;1.051213672955633;140.4974459781133;510.28165967337634;0.008686210640608035;0.4489685124864278;0.08794788273615635;0.2285559174809989;0.005971769815418024;0.05971769815418024;0.0;baroque;0.006514657980456025
18;0.4644112478031634;198.3392078575771;0.5002985976022384;64.02947172484726;85.86349426984997;0.0;0.0;0.015817223198594032;0.4868189806678384;0.0;0.20035149384885767;0.0;baroque;0.0
19;0.7043580683156655;324.189754714593;0.3799198278008421;146.86102646193916;230.23869029034043;0.0800942285041225;0.0447585394581861;0.0;0.5535924617196702;0.002355712603062426;0.08480565371024736;0.0;baroque;0.0
20;2.7154300168634062;303.85171755595854;1.3356278976020162;132.6840362423033;820.7807428448401;0.025295109612141653;0.5354131534569984;0.2580101180438449;0.0025295109612141647;0.0;0.0;0.0;baroque;0.0004215851602023609
21;0.7204390142886726;342.49697090797616;0.4818684232468097;156.91469434773984;244.8742680930953;0.04472975771381239;0.058604265893559736;0.0031062331745703047;0.5127355560157383;0.015531165872851522;0.1356388486229033;0.002277904328018223;baroque;0.008283288465520811
22;0.7204390142886726;342.49697090797616;0.4818684232468097;156.91469434773984;244.8742680930953;0.04472975771381239;0.058604265893559736;0.0031062331745703047;0.5127355560157383;0.015531165872851522;0.1356388486229033;0.002277904328018223;baroque;0.008283288465520811
23;1.2870056497175142;268.2761796001185;0.7801206374706597;117.6073282157362;351.2044699300456;0.015819209039548022;0.22372881355932206;0.03728813559322034;0.2440677966101695;0.1016949152542373;0.0;0.0;baroque;0.0
24;1.2901408450704226;319.47275417988703;0.9637668073947688;125.55959081224829;399.7396583971855;0.015023474178403756;0.2431924882629108;0.04788732394366197;0.29577464788732394;0.02816901408450705;0.009389671361502348;0.0;baroque;0.0
25;0.8925192029388845;377.5321953951831;0.6858874865935056;208.07171081135115;330.0161503524382;0.059111655348992535;0.12267616609150618;0.014137815874429478;0.4321496159412223;0.021373705888901258;0.12167427362796393;0.0002226427696760548;baroque;0.01603027941667594
26;0.6017156862745098;502.7291073694138;0.4348591134809873;239.27477069469703;282.4907894538882;0.09838935574229693;0.0;0.0;0.4957983193277311;0.057422969187675074;0.2752100840336135;0.0;baroque;0.055322128851540614
27;0.6252371916508539;485.7091386159526;0.3273849736468097;315.5847431490373;299.3512938402918;0.09392789373814042;0.0118595825426945;0.0;0.5991461100569261;0.03415559772296016;0.1351992409867173;0.00094876660341556;baroque;0.016603415559772294
28;0.4888119768190599;326.9702654321165;0.4112467170261641;209.98196171232263;150.7077351762363;0.04088860270444301;0.015775917578879587;0.005795235028976175;0.4253058596265293;0.013200257566001287;0.4488087572440438;0.0;baroque;0.03316162266580811
29;0.6657397107897665;395.53207771082674;0.5293050442926066;233.88921695365227;251.4153605424673;0.03670745272525028;0.048943270300333706;0.008898776418242492;0.5139043381535039;0.03225806451612903;0.20467185761957726;0.0;baroque;0.016685205784204675
30;2.1811391223155927;390.7100094909487;1.3161919898433159;171.78204877560077;815.542745490352;0.05975723622782447;0.4220354808590103;0.1942110177404295;0.161531279178338;0.004668534080298786;0.0;0.0;baroque;0.014005602240896364
31;0.6702044025157232;290.7067376930504;0.5643710996266778;194.75636400053799;181.35775976078412;0.017295597484276733;0.030660377358490563;0.016509433962264147;0.7586477987421382;0.017295597484276726;0.061320754716981125;0.0;baroque;0.010220125786163518
32;0.6228173666823974;422.22982463158934;0.41954057004151896;252.47050741834053;236.15935270326167;0.04436054742803209;0.031146767343086364;0.0;0.5077866918357716;0.008966493629070316;0.2302973100519113;0.0;baroque;0.0434167059933931
33;1.1729594063727629;341.23826470793875;0.6403438946840186;140.70723085905797;396.5084603291755;0.02007856831078132;0.15408118725447406;0.02182453077258839;0.16542994325622;0.09733740724574423;0.02357049323439546;0.0;baroque;0.0
34;0.936474609375;371.86567528813316;0.6558227825729863;172.64325086853336;339.61342469153334;0.0478515625;0.0791015625;0.0056640625;0.43515625;0.05078125;0.0416015625;0.0;baroque;0.0115234375
35;0.4577105679620186;392.11690139443436;0.2947954931647672;205.91300600704938;166.36332073383915;0.05820291893792861;0.006857745735888869;0.0008791981712678037;0.45155618076314397;0.008088623175663794;0.3836820819412696;0.0;baroque;0.025672586601019873
36;0.57734375;321.31390721204036;0.25488273766761355;160.14399471406566;181.70071695006095;0.01640625;0.0;0.0;0.8250000000000001;0.04765625;0.033593750000000006;0.0015625000000000005;baroque;0.00078125
37;0.5880179125605706;347.00407656386176;0.5168570729409814;194.8862492080262;197.7567010956852;0.043501932814286486;0.0209070615778298;0.0031033919529591114;0.3569989655360157;0.014264713889040125;0.3803016279196385;0.0001633364185767953;baroque;0.028257200413785582
38;0.5511911470072627;363.2520905935543;0.44912901781193815;217.4336170235546;187.30301757427247;0.05897821187077385;0.018501126972201357;0.005447032306536439;0.4193275732531931;0.008827948910593537;0.2600488354620586;0.003099173553719009;baroque;0.019534184823441023
39;1.141255605381166;362.09929687110815;0.6416082946192211;147.7218806355531;410.1450154149226;0.08594917787742899;0.11285500747384156;0.0;0.2458893871449925;0.06053811659192825;0.0;0.0;baroque;0.0
40;1.3504736129905277;292.9150735362549;0.8867559083051041;125.12902970568628;392.46120726270897;0.03247631935047361;0.22192151556156967;0.06765899864682004;0.2097428958051421;0.05412719891745603;0.0027063599458728017;0.0;baroque;0.0
41;1.6560150375939853;156.75278112822625;1.4879612457812212;45.470982557644845;245.78136624847568;0.0;0.2988721804511279;0.0968045112781955;0.0667293233082707;0.014097744360902257;0.17387218045112784;0.0;baroque;0.0
42;1.6651205936920224;179.9239613696117;1.4260069626205614;47.14291613734172;285.8399916368837;0.0;0.29684601113172543;0.0927643784786642;0.033395176252319116;0.00927643784786642;0.2411873840445269;0.0;baroque;0.0
43;1.4430641821946169;324.28686882652187;1.2051771216013731;146.09888321741462;477.87752281905614;0.0391304347826087;0.2289855072463768;0.0968944099378882;0.1968944099378882;0.029813664596273288;0.11697722567287785;0.0;baroque;0.0057971014492753615
44;1.7906712172923778;327.3704649549415;1.4286136162721461;147.8037615593776;556.65690557972;0.04209328782707622;0.2992036405005688;0.1353811149032992;0.24687144482366324;0.020477815699658702;0.004550625711035267;0.0;baroque;0.0034129692832764505
45;1.4052539404553417;302.28483605420064;0.9724639100526434;118.6884150613261;420.3072387195237;0.018213660245183887;0.2532399299474605;0.04605954465849388;0.19702276707530644;0.053940455341506134;0.009457092819614713;0.0;baroque;0.0
46;1.3832460732984293;316.8185419888441;1.0184075122041767;125.00579002681313;424.3301173081473;0.02408376963350785;0.24188481675392676;0.061780104712041886;0.22198952879581155;0.014659685863874347;0.0041884816753926715;0.0;baroque;0.0
47;1.3504018369690012;345.63385241449237;1.0824279377233477;169.03199003240962;454.2670484846148;0.04661308840413318;0.21308840413318025;0.05533869115958668;0.19632606199770375;0.033524684270952926;0.10034443168771527;0.0;baroque;0.002755453501722159
48;0.7160433070866141;434.478715898571;0.5951494888975332;204.6162316690173;268.2534041713563;0.06692913385826772;0.0;0.0;0.2828083989501312;0.13976377952755908;0.3556430446194226;0.0013123359580052493;baroque;0.04133858267716537
49;1.3513333333333333;322.846806706567;0.8328054327926114;153.32040620506163;421.7543633735588;0.052000000000000005;0.21600000000000005;0.05066666666666665;0.15466666666666667;0.044;0.008;0.0;baroque;0.0013333333333333333
50;0.9980842911877394;262.4614322141107;0.5804494960081096;113.16329237704524;263.27411730996033;0.0038314176245210726;0.019157088122605363;0.0;0.28160919540229884;0.0;0.0038314176245210726;0.0;baroque;0.0
51;1.3790186125211503;308.34009807646186;1.0223598582967837;130.02842802772147;416.12128096082733;0.030456852791878174;0.2098138747884941;0.08629441624365483;0.09475465313028764;0.0338409475465313;0.10998307952622674;0.0;baroque;0.0
52;1.0838709677419356;365.9583571032297;0.8626225909995345;128.41047072740315;369.4498405964585;0.057142857142857134;0.17142857142857146;0.025806451612903226;0.4294930875576036;0.027649769585253458;0.0;0.0;baroque;0.0
53;0.4265395894428152;416.70638915811736;0.3392562017514358;215.4216033567729;177.5148906666172;0.06627565982404691;0.002346041055718475;0.0;0.3700879765395895;0.007624633431085044;0.5501466275659824;0.0;baroque;0.044574780058651065
54;3.4617431803060548;332.2441788308824;2.6760672295262893;145.00472870321514;1131.1818330802196;0.04590818363273453;0.1520292747837658;0.3995342648037259;0.08050565535595476;0.0049900199600798395;0.00332667997338656;0.0;baroque;0.0013306719893546241
55;0.9216384683882458;339.3793853658868;0.7307817848805739;158.63580013018014;301.56565534258067;0.05164737310774711;0.1246660730186999;0.020480854853072127;0.4283170080142476;0.015138023152270703;0.08993766696349065;0.0;baroque;0.0035618878005342827
56;0.4650426169085465;363.8734855260552;0.3130212033922639;192.70335360020343;163.27307768917208;0.05597788527988943;0.01796821008984105;0.0;0.401520387007602;0.0;0.4167242570836213;0.0;baroque;0.020041465100207326
57;0.5297880589299561;483.9822924239303;0.4964020004338395;229.28313036999057;234.53662741626368;0.13672783665029722;0.018092530369604547;0.011372447660894288;0.3592659601964332;0.0007753941586973378;0.45670715947273205;0.0;baroque;0.0400620315326958
58;0.5134877384196185;477.8999981457237;0.4542285003207137;231.62924098322966;217.66160391730133;0.14713896457765668;0.013623978201634877;0.008719346049046322;0.3569482288828338;0.003269754768392371;0.4626702997275205;0.0;baroque;0.023978201634877374
59;1.2012420275260154;388.25872391457807;0.8499561437451241;200.43862107746492;453.61463691566587;0.05303793219201074;0.09600537092984224;0.0;0.3665659617321249;0.0023497818059751603;0.0;0.0;baroque;0.010406176569318564
60;0.8058097890966972;340.9956158475078;0.6131387991792467;146.6206832326174;275.5905926594539;0.029048945483485876;0.10187027457222443;0.0;0.017111022682053324;0.004377238360525269;0.33744528452049344;0.0;baroque;0.0015917230401910067
61;0.5745547073791348;395.4475779340293;0.280473731715958;171.44896653525186;224.67030505428448;0.057506361323155224;0.006106870229007634;0.0;0.5562340966921121;0.0;0.20305343511450386;0.0;baroque;0.01628498727735369
62;0.5126564277588168;304.9420853868352;0.3371068219061059;146.6877459776052;149.30365510984782;0.03526734926052332;0.0;0.0;0.3310580204778157;0.048919226393629126;0.4522184300341297;0.0;baroque;0.0011376564277588172
63;1.6511758118701008;409.3686059650344;1.4168207495231837;201.15729285541275;649.8113572769571;0.05599104143337066;0.1780515117581187;0.06159014557670772;0.2441209406494961;0.007838745800671894;0.0;0.0;baroque;0.034714445688689824
64;0.5932080924855492;390.1975210830632;0.33435962008210274;173.4990356283726;214.22586627040963;0.04841040462427745;0.007947976878612716;0.0;0.35621387283236994;0.0050578034682080926;0.3179190751445087;0.0;baroque;0.004335260115606937
65;0.39228940217391306;390.83709710315634;0.44443231991961984;192.4627001752568;140.8517434359167;0.05543478260869565;0.005434782608695652;0.005163043478260868;0.17798913043478262;0.06331521739130434;0.4342391304347826;0.0;baroque;0.00543478260869565
66;0.3630592503022975;411.55978522517364;0.19221222179260936;148.9937900369024;139.9756574255787;0.013301088270858524;0.003627569528415962;0.0;0.34099153567110035;0.0;0.6178960096735188;0.0060459492140266;baroque;0.0241837968561064
67;0.5812441968430826;272.26611574182516;0.348782379648178;93.82327428399252;162.26825865395548;0.0027855153203342623;0.0;0.0;0.5691736304549675;0.09192200557103064;0.2311977715877437;0.0;baroque;0.0
68;0.5842056650246306;400.3285440403154;0.4301036472259565;174.0444010835133;224.78005533435996;0.07219827586206896;0.035098522167487683;0.002309113300492611;0.4510467980295567;0.019088669950738917;0.3232758620689655;0.0;baroque;0.024784482758620687
69;0.6351646586345381;394.27412019302574;0.4006599220726621;182.1461876677625;244.28803173986492;0.05098795180722891;0.022843373493975902;0.0;0.5753253012048193;0.0026987951807228914;0.08944578313253013;0.01966265060240964;baroque;0.019951807228915663
70;0.6664310954063605;372.563473836164;0.4444836421620975;183.25066804638888;253.27630253886497;0.04982332155477032;0.05512367491166077;0.0;0.4180212014134275;0.021554770318021204;0.2522968197879859;0.0;baroque;0.023321554770318026
71;0.7010578279266573;388.4022500258069;0.5485851228336728;162.90079731216412;272.1070576961988;0.040056417489421715;0.06346967559943582;0.010437235543018336;0.5433004231311707;0.0005641748942172072;0.09506346967559944;0.0;baroque;0.018053596614950637
72;0.4382004482869036;293.92016757454576;0.20002216217216928;119.15361746633629;128.1746696268277;0.012487992315081652;0.0;0.0;0.6035862952289466;0.010246557796990071;0.1408901697086135;0.0;baroque;0.0
73;0.9034907597535934;359.0950594707374;0.8287246401401361;121.3275344822762;314.6808622840167;0.008213552361396304;0.14989733059548255;0.03696098562628337;0.7474332648870636;0.008213552361396304;0.0;0.0;baroque;0.0
74;0.4081187254474029;424.9880261467948;0.2527966591901894;172.3231989106474;166.00877990685498;0.1110868616324749;0.00960279353993889;0.0;0.3657791357485814;0.0008729812309035355;0.5552160628546486;0.0;baroque;0.007638585770405938
75;1.216312056737589;300.7334369179405;0.6325570490881347;153.70425787148838;365.9607352698722;0.031028368794326237;0.1773049645390071;0.0;0.16843971631205673;0.08333333333333333;0.020390070921985817;0.0;baroque;0.0035460992907801413
76;1.3858921161825726;365.2415518110614;0.965535848033754;208.66767063626773;509.0427294582817;0.06275933609958506;0.3158713692946058;0.052385892116182574;0.2520746887966805;0.0;0.0;0.0;baroque;0.01659751037344399
77;0.5810014727540501;380.08532652620767;0.3254540704708561;163.65134598267167;224.98604403074697;0.055964653902798235;0.01325478645066274;0.0014727540500736375;0.5787923416789397;0.0;0.1958762886597938;0.0;baroque;0.01914580265095729
78;0.6991643454038997;358.85533267335734;0.4247225845493065;142.1928728311151;248.48123839669555;0.03899721448467967;0.016713091922005575;0.008356545961002786;0.6211699164345403;0.0;0.04178272980501393;0.0;baroque;0.0
79;0.7175324675324676;284.74356384381883;0.34389539274850944;105.51843482300188;203.53666345479093;0.0;0.032467532467532464;0.0;0.6168831168831169;0.00974025974025974;0.00974025974025974;0.003246753246753247;baroque;0.0
80;0.5763688760806917;333.25112332588674;0.29268815118480923;143.6960869286291;194.8111597293491;0.033621517771373684;0.013448607108549471;0.0;0.6954851104707013;0.01729106628242075;0.13064361191162344;0.0;baroque;0.009606147934678191
81;0.5598444045481747;352.07016756981636;0.42089042395825804;155.30937620958156;199.79229894846173;0.04727707959305805;0.03351286654697786;0.0023937761819269898;0.4625972471573908;0.016157989228007184;0.34410532615200484;0.0;baroque;0.013165769000598444
82;2.1386623164763456;357.52512349271706;0.8717801346712754;197.95227945565762;760.6325173168871;0.039695486677542136;0.5812941816204459;0.12017400761283305;0.0;0.0;0.0;0.0;baroque;0.011419249592169656
83;0.4595345606113234;544.0090387334128;0.2897225177795412;260.62481014362265;240.56645713237558;0.10593956234803753;0.010072941993747827;0.0010420284821118448;0.4855852726641194;0.0006946856547412298;0.4150746787078846;0.0;baroque;0.05939562348037514
84;0.6459819305753686;374.17507218466966;0.34512848284188424;205.52218163273128;256.0206402492522;0.05064194008559201;0.01688064669519734;0.0014265335235378036;0.6585829766999526;0.02496433666191156;0.07513076557299098;0.0;baroque;0.02710413694721827
85;0.4637780834479597;407.1777876252794;0.22963946044582775;201.24342552471688;183.10209645575102;0.06006419073819349;0.0022925263640531865;0.0;0.5318661164603393;0.0022925263640531865;0.3626776707932141;0.0;baroque;0.032095369096744604
86;0.8357558139534884;450.30939364405833;0.6128948738729068;259.63586134817507;361.3545603169583;0.07340116279069768;0.0566860465116279;0.013808139534883721;0.5901162790697675;0.030523255813953487;0.01453488372093023;0.0;baroque;0.05305232558139536
87;2.29625468164794;228.7480052325354;1.6705661363849489;78.02690977263539;506.8730914483458;0.0;0.15280898876404495;0.3602996254681648;0.17827715355805246;0.035205992509363286;0.03670411985018727;0.0;baroque;0.0
88;4.699763593380615;374.12128153837057;2.5436473395664625;120.30075033876264;1746.1392512298673;0.061465721040189124;0.22222222222222224;0.4657210401891254;0.0;0.0;0.0;0.0;baroque;0.0023640661938534283
89;1.0116507396256054;320.8968414099612;0.7217166090289924;175.3550870166694;313.20687092373834;0.04398481476633067;0.1476633067155387;0.010734389317973558;0.2830213378714492;0.018588820526246896;0.1280272286948554;0.0;baroque;0.01151983243880089
90;0.7789165446559297;306.21160624134836;0.518672421556165;192.12772333415526;276.4617926617352;0.008052708638360176;0.07979502196193265;0.0;0.6002928257686676;0.008784773060029283;0.04099560761346999;0.0;baroque;0.017569546120058566
91;0.8854337152209493;346.30058344284487;0.8096306669099749;190.66942332503;304.8373119234151;0.05237315875613748;0.14402618657937807;0.03600654664484452;0.6350245499181669;0.008183306055646482;0.06710310965630115;0.0;baroque;0.0016366612111292965
92;0.6675700090334237;356.47813262778834;0.42912619281804654;176.0019161556551;217.80953642107727;0.006323396567299007;0.0;0.0;0.4281842818428184;0.16169828364950314;0.2258355916892502;0.0;baroque;0.022583559168925026
93;0.7777777777777778;306.46996553690065;0.5195867147320608;192.0046027260949;276.1256674841421;0.008040935672514621;0.08040935672514621;0.0;0.6001461988304093;0.008040935672514621;0.04312865497076024;0.0;baroque;0.01827485380116959
94;0.8790584415584416;346.82281488638995;0.8096126056700877;189.98413563743267;302.77878167928804;0.05194805194805195;0.1444805194805195;0.03571428571428571;0.6347402597402597;0.006493506493506494;0.07467532467532467;0.0;baroque;0.001623376623376624
95;0.6715909090909091;355.8893867943733;0.42785109549626654;176.2564899199718;218.75123313491073;0.006363636363636364;0.0;0.0;0.4363636363636363;0.16272727272727272;0.2372727272727273;0.0;baroque;0.022727272727272728
96;0.3625180897250362;421.2367720286026;0.21436041752583454;169.03874142096873;130.18695907663286;0.04052098408104197;0.004341534008683068;0.0;0.34008683068017365;0.0028943560057887122;0.08972503617945007;0.0;baroque;0.0752532561505065
97;0.6456664238892935;407.2289196257682;0.4879216407111362;245.54848631723166;264.64563947514273;0.0;0.0;0.0;0.786598689002185;0.012381646030589949;0.0;0.0;baroque;0.04661325564457393
98;0.5074688796680498;359.35941284616854;0.2710939572894015;217.75871495667388;189.95222392067132;0.012448132780082987;0.0;0.0;0.5452282157676348;0.024896265560165973;0.3078838174273859;0.0;baroque;0.026556016597510373
99;0.590421729807005;391.78655729657584;0.3394342633586443;219.50124880567432;234.6145322334306;0.07290922087205151;0.01929949964260186;0.0;0.7133666904932094;0.05003573981415296;0.12937812723373834;0.0;classicism;0.030021443888491792
100;0.5959039548022599;358.2613895123783;0.31419876456898416;183.3432528870215;207.1322466366534;0.03926553672316385;0.005367231638418079;0.0;0.6197740112994351;0.03587570621468927;0.13361581920903956;0.004519774011299435;classicism;0.012146892655367234
101;0.3275167785234899;444.31376727626406;0.21334291238366096;222.92849530820718;133.50237076060526;0.026845637583892617;0.0022371364653243847;0.00044742729306487697;0.19686800894854584;0.007606263982102908;0.7011185682326622;0.0;classicism;0.05727069351230425
102;1.2243285939968405;354.34328613990533;0.7437420220368893;158.5837852899581;424.09267697456033;0.06951026856240126;0.18799368088467613;0.036334913112164295;0.20221169036334916;0.02527646129541864;0.0;0.0;classicism;0.009478672985781993
103;1.5762711864406782;297.69501072788887;0.9104550888598492;115.57060679077141;449.736073206593;0.019067796610169496;0.23728813559322035;0.06779661016949153;0.04025423728813559;0.01906779661016949;0.0;0.00211864406779661;classicism;0.0
104;0.881039755351682;376.2910703749185;0.2875116262322213;243.56523025923516;305.6420628844719;0.004892966360856269;0.009785932721712538;0.0;0.13577981651376148;0.0006116207951070336;0.020795107033639144;0.005504587155963303;classicism;0.10397553516819573
105;0.6032190579025509;344.2993973318202;0.5069006722777489;211.43866673436486;184.65278536467758;0.03117829666621677;0.043595626940207854;0.0006748549061951682;0.3320286138480227;0.0076933459306249155;0.2456471858550412;0.014171953030098529;classicism;0.03806181670940748
106;0.5295216741405082;313.4838678709268;0.5267018938382975;123.63020505244528;158.72067370253043;0.02142501245640259;0.02989536621823617;0.005979073243647237;0.3836571998006976;0.009965122072745393;0.22620827105132044;0.027902341803687097;classicism;0.0
107;0.9122340425531916;311.886708757089;0.477147227948541;133.5866402373073;293.21424913565016;0.03723404255319149;0.1276595744680851;0.0;0.4308510638297872;0.0;0.0;0.0;classicism;0.0
108;0.9140034863451482;400.5589193541578;0.6544100234403852;238.50326814935002;333.8796680357321;0.04067402672864614;0.07147007553747821;0.002324230098779779;0.4805345729227194;0.002905287623474724;0.034863451481696686;0.0005810575246949448;classicism;0.00987797791981406
109;0.8752253876667869;352.1690812217936;0.605684788711596;158.60803965774446;298.28147504358964;0.011900468806346915;0.06382978723404255;0.0;0.4493328525063108;0.08402452217814642;0.08222142084385142;0.0;classicism;0.0
110;0.8064635958395245;350.03280573236856;0.5538992985411388;151.34615710783615;274.4932967523;0.056463595839524525;0.09063893016344723;0.002228826151560178;0.5512630014858841;0.033432392273402674;0.05423476968796434;0.0029717682020802376;classicism;0.0
111;0.6776076803321225;346.5116985150013;0.3724472158534071;163.37744121152937;232.00679218075908;0.04981837052413077;0.03269330565646082;0.0;0.6787752983912818;0.045666839647119865;0.0467047223663726;0.0;classicism;0.013492475350285416
112;0.7471639738741835;370.2827970948858;0.4706636489740957;174.22764169396618;265.01781384786;0.029907184599518737;0.03918872464764524;0.0;0.5414231694740461;0.061533172911653486;0.0721897559298728;0.007906497078033689;classicism;0.0013750429700928155
113;0.934600262123198;368.19893517703287;0.6282344125953312;174.79718699300489;343.33485636621447;0.0692005242463958;0.0851900393184797;0.006028833551769332;0.4038007863695937;0.02870249017038009;0.048754914809960685;0.0010484927916120578;classicism;0.017169069462647443
114;1.0570425625274242;430.45263772954627;0.6864037619458271;280.46289894298906;397.17915949391664;0.04936375603334794;0.0985081175954366;0.015577007459412024;0.31329530495831504;0.002193944712593243;0.001755155770074594;0.004607283896445809;classicism;0.03927161035541904
115;1.2875;389.72444428719416;0.7188315171164938;163.9067527216227;503.1812346234214;0.07750000000000001;0.165;0.02375;0.09375;0.00375;0.0;0.00125;classicism;0.010000000000000002
116;0.7290121822033898;393.4051613400374;0.4650077926264128;200.27979983486688;274.80485670274294;0.07891949152542373;0.0;0.0;0.559322033898305;0.11917372881355932;0.10434322033898304;0.0;classicism;0.017743644067796608
117;0.5785421545667447;423.23672530041785;0.466411207519008;228.76274302486644;229.12279674621604;0.05526932084309134;0.01920374707259953;0.0;0.4049180327868853;0.01873536299765808;0.2466042154566745;0.0;classicism;0.02224824355971897
118;0.6798413679439637;452.62091461988996;0.5500209871986824;253.5476543374774;294.41017122169103;0.1100123609394314;0.04919653893695921;0.002966625463535228;0.327070457354759;0.0449938195302843;0.2820766378244746;0.0;classicism;0.026205191594561188
119;0.9674716283979944;400.5693330124767;0.6711857021210906;235.8490813932654;386.19345817127225;0.06967537608867777;0.10055423594615992;0.007917656373713382;0.3657957244655582;0.0172209026128266;0.055225653206650835;0.00039588281868566897;classicism;0.03760886777513857
120;0.5057692307692307;362.8434547485745;0.33353216715878803;218.5972948993763;194.63831104766427;0.05708502024291497;0.0;0.0;0.4453441295546559;0.04898785425101214;0.38825910931174096;0.0004048582995951416;classicism;0.01821862348178137
121;0.5570478723404255;400.26106977418885;0.5517322169291918;200.7143965527806;205.88340556870742;0.06329787234042553;0.040425531914893634;0.007446808510638298;0.1351063829787234;0.018617021276595747;0.5909574468085107;0.0021276595744680856;classicism;0.013297872340425516
122;0.9993804213135068;329.88356490447984;0.5874563341210605;150.678233327753;319.04741902444414;0.04089219330855018;0.08674101610904585;0.0;0.25650557620817843;0.044609665427509285;0.059479553903345715;0.004956629491945477;classicism;0.004956629491945477
123;0.6296296296296297;366.30620640904976;0.3734249042606626;158.23751241419257;224.0982713207548;0.05787037037037038;0.0;0.0;0.7152777777777778;0.06944444444444445;0.07175925925925926;0.0;classicism;0.011574074074074077
124;0.6056149732620321;455.4814586295751;0.4290876359766079;163.1612187382089;261.267095529689;0.09893048128342244;0.00267379679144385;0.0;0.5133689839572193;0.06417112299465241;0.2058823529411765;0.029411764705882356;classicism;0.032085561497326213
125;1.110759493670886;344.95133089820837;0.6220883682703741;147.32052006177491;379.0474046845101;0.04852320675105485;0.1540084388185654;0.0;0.2679324894514768;0.004219409282700422;0.0;0.0;classicism;0.002109704641350211
126;0.9929752066115702;356.32204458529253;0.7948388730403363;162.7148897294622;339.9348586607965;0.04958677685950411;0.0884297520661157;0.03553719008264463;0.34049586776859503;0.04958677685950413;0.10826446280991736;0.0008264462809917355;classicism;0.0115702479338843
127;1.1421254801536491;355.50675445804427;0.7020858548888538;170.70981389159255;384.5646742572061;0.05121638924455827;0.13188220230473754;0.0;0.2663252240717029;0.025608194622279125;0.0179257362355954;0.0;classicism;0.021766965428937263
128;0.6399387129724209;346.1382874659549;0.2917461717418497;161.51969492665432;222.22464973175664;0.045965270684371805;0.007150153217568948;0.0;0.5801838610827375;0.01634320735444331;0.09908069458631258;0.0;classicism;0.011235955056179777
129;1.161987041036717;370.7512502699303;0.7750161594110563;171.0065187128754;432.65064255251315;0.03887688984881209;0.11015118790496757;0.0;0.2526997840172786;0.01079913606911447;0.04751619870410368;0.0;classicism;0.01727861771058315
130;1.0581148121899362;379.71506135655665;0.7300304282855876;168.3540301433953;396.77067304954585;0.08717221828490432;0.10559886605244508;0.020552799433026226;0.3104181431608788;0.0368532955350815;0.032600992204110564;0.009213323883770377;classicism;0.014174344436569803
131;0.5485564304461942;315.6897111910676;0.3227174277199597;169.80789749372337;166.60225307344697;0.04461942257217849;0.01837270341207349;0.0;0.5459317585301837;0.010498687664041995;0.2559055118110236;0.003937007874015748;classicism;0.013123359580052495
132;0.9181193872160592;400.10796181551314;0.7366587086378985;221.09995337341462;351.1624113668589;0.04102835006163056;0.09755238598344776;0.02430005282620179;0.32241591829547456;0.008100017608733934;0.11322415918295473;0.0010565240359218173;classicism;0.029406585666490574
133;0.8022260273972602;343.13638456969466;0.693699762051653;250.9415130195784;246.81615329162898;0.0;0.12842465753424662;0.01541095890410959;0.3561643835616438;0.0051369863013698645;0.2722602739726028;0.0;classicism;0.037671232876712334
134;1.4610917537746806;304.1979563262217;0.7943774352180253;119.54644112746165;424.96389119932815;0.02787456445993031;0.22415795586527287;0.03600464576074333;0.029036004645760744;0.009291521486643438;0.0023228803716608603;0.0011614401858304302;classicism;0.0011614401858304295
135;0.4306561085972851;345.87749561691413;0.4462313527759358;209.17616521581496;138.17685091981537;0.038461538461538484;0.02714932126696832;0.0009049773755656108;0.2787330316742081;0.015384615384615384;0.2787330316742082;0.0036199095022624423;classicism;0.011764705882352944
136;0.9396226415094341;361.564890902482;0.6521993625755593;169.6863626725956;313.13339895427487;0.03396226415094341;0.07547169811320754;0.0;0.34591194968553457;0.0440251572327044;0.02389937106918239;0.05157232704402516;classicism;0.021383647798742144
137;0.5094761904761904;397.33773261403053;0.4693053413305249;231.2726479522048;201.40664447096626;0.033714285714285724;0.029142857142857137;0.005714285714285713;0.29942857142857143;0.002857142857142857;0.046285714285714284;0.004;classicism;0.048
138;0.6447041272998508;372.5372773757932;0.4068091292475988;202.33633385932688;242.97509148211964;0.02685231228244655;0.0014917951268025858;0.0;0.06713078070611636;0.000994530084535057;0.06116360019890602;0.0034808552958727;classicism;0.07409249129786177
139;0.4097331240188383;394.9204694013301;0.16662055441624474;190.1303116821967;153.48160555290616;0.059654631083202514;0.0;0.0;0.5478806907378336;0.0;0.3956043956043956;0.015698587127158554;classicism;0.0
140;0.4563242487770789;355.5621596068734;0.26643434002802396;189.45680610533702;155.36605942808697;0.039832285115303984;0.0;0.0;0.493361285814116;0.0;0.3822501747030048;0.011180992313067784;classicism;0.00419287211740042
141;0.5370065789473685;356.6278662961701;0.2621782237512281;188.0832203437068;177.5231557153309;0.042763157894736836;0.004934210526315789;0.0;0.6726973684210527;0.0;0.1299342105263158;0.01973684210526316;classicism;0.05592105263157895
142;0.5788506515202139;412.89265895172537;0.532506239872596;239.02526830523544;212.6475405221365;0.05011693952555965;0.01102572669562312;0.0;0.5078516538590043;0.0;0.2819913130638156;0.026729034413631808;classicism;0.003007016371533579
143;2.423596112311015;270.0565046018384;1.7390414134627918;89.76388759881299;651.6952410410457;0.0;0.36771058315334776;0.16900647948164144;0.046436285097192234;0.005939524838012959;0.0;0.0;classicism;0.0
144;0.675069578248769;356.7520228699208;0.4841532532594208;175.13551503041148;227.76673355051625;0.04010561621351602;0.036180689359880114;0.0007849853707271818;0.4796260615143082;0.017769214301006208;0.1831156782987226;0.0012845215157353885;classicism;0.01348747591522158
145;0.8548109965635738;296.3447382826406;0.43864350649442935;150.24324234484516;256.01138757319336;0.03436426116838489;0.060137457044673534;0.0;0.3831615120274913;0.01718213058419244;0.03436426116838488;0.005154639175257732;classicism;0.0068728522336769775
146;1.3777777777777778;325.3094765963544;0.8243216440440626;144.8002869025824;453.379428755462;0.022222222222222227;0.1111111111111111;0.0;0.12698412698412698;0.0;0.0;0.006349206349206349;classicism;0.0031746031746031746
147;0.9787878787878788;355.87439138895417;0.6687879474399602;155.1010426019899;339.3330407214605;0.045454545454545456;0.06666666666666668;0.021212121212121213;0.12727272727272726;0.042424242424242434;0.1393939393939394;0.0;classicism;0.0030303030303030303
148;1.1198224852071006;382.7971604118164;0.5577511622767295;159.35547931926536;435.84882632614523;0.05473372781065088;0.15828402366863906;0.0;0.22189349112426035;0.04437869822485207;0.0;0.0;classicism;0.03106508875739644
149;0.739454094292804;344.4641154212892;0.4901241716557331;154.9827829948819;248.69563790993007;0.04301075268817204;0.0413564929693962;0.008271298593879239;0.532671629445823;0.014061207609594707;0.08023159636062861;0.0016542597187758476;classicism;0.0140612076095947
150;0.9269153225806452;346.44742182380236;0.590863195173282;153.64395456883778;317.4979951727933;0.0403225806451613;0.06048387096774194;0.0070564516129032265;0.3639112903225806;0.057459677419354836;0.05443548387096775;0.0;classicism;0.009072580645161298
151;0.6086657496561211;341.56185162440084;0.3473156161837109;155.30432847616052;208.42504222493665;0.06602475928473177;0.01513067400275103;0.0;0.405777166437414;0.017881705639614855;0.2627235213204952;0.0;classicism;0.0041265474552957355
152;1.1762672811059909;344.43822229902435;0.8310860600201936;160.53491128321912;395.36006265831514;0.06451612903225805;0.0;0.0;0.3824884792626728;0.5138248847926268;0.0;0.0;classicism;0.004608294930875575
153;0.6337579617834395;380.0670236941555;0.4315426173502176;159.2532962089049;244.80720473632667;0.06687898089171976;0.044585987261146494;0.0;0.28662420382165604;0.022292993630573247;0.23248407643312105;0.0;classicism;0.02547770700636943
154;0.900726392251816;337.7927451984095;0.5411175371962345;163.67578991565398;311.9928238111958;0.0387409200968523;0.10653753026634384;0.0024213075060532693;0.4891041162227603;0.014527845036319613;0.0;0.0;classicism;0.012106537530266344
155;0.5061371841155234;357.24151523749015;0.22108664021183516;155.21822847084337;173.67848844242934;0.06353790613718413;0.0;0.0;0.7046931407942238;0.01949458483754513;0.19711191335740064;0.0;classicism;0.013718411552346571
156;0.7158109227537647;371.08974385046326;0.6467724741599012;209.50851529036262;259.3123955051906;0.04644832993106714;0.05242448448270762;0.01754385964912281;0.4291884855477648;0.01304695127363096;0.1970947605100441;0.002928907428774297;classicism;0.027099789947042992
157;0.6202216511403791;409.07389813038145;0.4378681222360392;210.05688190698186;235.06355829252826;0.04722132990684225;0.02280758111146804;0.0;0.5053003533568905;0.011885640860905879;0.2116929007388371;0.01060070671378092;classicism;0.0009637006103437193
158;0.6389332800639232;477.4047067070092;0.4775073453103291;231.5725752145055;301.56982142809653;0.06871753895325608;0.0351578106272473;0.0023971234518577705;0.22133439872153413;0.04274870155813024;0.40111865761086696;0.0007990411506192569;classicism;0.04754294846184577
159;0.9943467336683416;335.62672635959376;1.0320550559779904;158.65912497272353;324.1231567406227;0.02763819095477388;0.12311557788944726;0.0728643216080402;0.2613065326633166;0.007537688442211055;0.3165829145728643;0.0;classicism;0.010050251256281412
160;0.8361185383244206;440.7453392898323;0.6580193724839969;239.58662629573453;355.43069859116616;0.0824420677361854;0.049910873440285185;0.02005347593582888;0.4790552584670232;0.035204991087344026;0.08155080213903745;0.0008912655971479498;classicism;0.04411764705882354
161;0.5720461095100865;309.61647390471074;0.35537797900315715;150.38834986404234;183.16099226366592;0.023054755043227654;0.002881844380403458;0.0;0.21613832853025933;0.025936599423631124;0.4322766570605187;0.0;classicism;0.017291066282420744
162;0.4698299506308283;378.8450066807608;0.3022957027036917;238.6609450177047;174.1537789909903;0.02194185408667032;0.0;0.0;0.4344487109160724;0.044980800877674164;0.4157981349424025;0.0010970927043335162;classicism;0.030718595721338438
163;0.631588999236058;484.80940447611033;0.4659987425118272;234.95194461854385;301.1597675153327;0.07181054239877771;0.031321619556913684;0.002291825821237586;0.23911382734912145;0.040870893812070284;0.3938120702826585;0.0007639419404125286;classicism;0.050420168067226906
164;0.8652111151208951;345.1188795856986;0.4991535062912933;154.43788036472597;296.0804456824409;0.04114038253338145;0.087333092746301;0.003007337904486949;0.392638036809816;0.036689522434740766;0.05533501744255985;0.002526163839769037;classicism;0.008901720197281367
165;0.5235849056603774;452.2289331852719;0.3191262304592486;285.355062611804;237.53209547133744;0.07651991614255768;0.024109014675052408;0.0;0.5639412997903563;0.0;0.16771488469601678;0.0;classicism;0.08595387840670861
166;0.6647655545536519;372.14571390973913;0.4016409522239009;230.78902327099456;244.32841146236808;0.015148782687105504;0.010640216411181245;0.0;0.23498647430117225;0.007033363390441839;0.02687105500450856;0.01424706943192065;classicism;0.08133453561767359
167;0.7814183123877917;372.0017276832138;0.5703962729528206;208.00067015409232;311.3054881164547;0.00807899461400359;0.07540394973070019;0.004488330341113107;0.644524236983842;0.0125673249551167;0.026032315978456018;0.002692998204667864;classicism;0.01705565529622981
168;0.7055606198723792;382.493228358905;0.3859379655268253;189.593579055831;272.52303141506445;0.002734731084776664;0.0;0.0;0.6481312670920693;0.1504102096627165;0.05104831358249772;0.007292616226071103;classicism;0.01458523245214221
169;0.8927364864864865;414.7268410060735;0.5607160403073248;206.1768056678497;365.6010093246112;0.07939189189189189;0.11824324324324326;0.006756756756756757;0.4391891891891892;0.030405405405405407;0.027027027027027032;0.0;classicism;0.0320945945945946
170;0.6438927943760984;350.34733983993556;0.273349504481168;177.6567283727673;207.87190136151852;0.02284710017574693;0.0017574692442882249;0.0;0.5852372583479789;0.007029876977152899;0.0843585237258348;0.0;classicism;0.008787346221441127
171;0.8006724303554275;346.350352715369;0.5866977460701184;161.80789744130806;258.9072494717737;0.0557156580211335;0.023054755043227664;0.005763688760806916;0.5984630163304515;0.16618635926993275;0.05187319884726225;0.0038424591738712775;classicism;0.01056676272814601
172;0.7548387096774194;354.3927835581492;0.4804524552950604;176.46442902550584;250.06091484879772;0.013978494623655913;0.0817204301075269;0.0;0.4408602150537633;0.01827956989247312;0.0903225806451613;0.0;classicism;0.010752688172043013
173;0.5875984251968503;370.28391559207466;0.3456285026365597;201.8712786915902;213.0728904100267;0.04429133858267716;0.0;0.0;0.6525590551181102;0.09547244094488187;0.14960629921259844;0.001968503937007874;classicism;0.04921259842519685
174;0.5875984251968503;370.28391559207466;0.3456285026365597;201.8712786915902;213.0728904100267;0.04429133858267716;0.0;0.0;0.6525590551181102;0.09547244094488187;0.14960629921259844;0.001968503937007874;classicism;0.04921259842519685
175;1.7736506094022055;405.4855608356376;1.1457164254259964;201.15083366464188;727.9143532090857;0.0975043528728961;0.19849100406268136;0.17701683110853164;0.0;0.009286128845037723;0.01857225769007545;0.0;classicism;0.030179918746372606
176;0.5713877239801753;384.00692532742033;0.4005429733947628;201.72708540304956;214.59118236749856;0.03583682805947388;0.04193671368661838;0.0;0.5691955775829203;0.031261913839115515;0.2428516965306901;0.006862371330537553;classicism;0.018299656881433472
177;0.36960514233241504;347.4290364226584;0.2643513775088376;174.67997898768266;116.52223337454227;0.037649219467401296;0.0009182736455463727;0.0018365472910927454;0.3581267217630854;0.005509641873278237;0.3204775022956841;0.005509641873278237;classicism;0.021120293847566574
178;0.5809432759719566;376.5047687295432;0.3725099644930715;224.33320595703358;214.5781771372946;0.08030592734225622;0.030592734225621417;0.0025493945188017854;0.6673040152963671;0.0025493945188017854;0.16571064372211602;0.0;classicism;0.010834926704907584
179;1.1306497175141244;392.34697622704107;0.9743641278153492;207.43055221450672;471.4026554085682;0.011299435028248594;0.1751412429378531;0.05861581920903955;0.1652542372881356;0.01059322033898305;0.24505649717514125;0.0;classicism;0.014124293785310731
180;2.263839811542992;329.0924789490413;0.9892829030200302;141.81697584127744;728.1759865435437;0.06595995288574794;0.5276796230859835;0.19199057714958773;0.0;0.0;0.0;0.0;classicism;0.0
181;0.5339617211109512;453.2038921579952;0.3775279419197727;240.92012967760402;233.43467785914916;0.08375305799395596;0.01597352136998129;0.0010073391854943158;0.4143042164340193;0.014246654194848182;0.3702691034681249;0.0;classicism;0.057418333573176
182;0.4886028774484313;457.32281526003896;0.3466998012066638;253.4641668618771;218.1125572710656;0.08979025827699776;0.015600624024961;0.0;0.43404402842780376;0.002253423470272144;0.3839486912809846;0.0;classicism;0.06465591957011615
183;0.5681045145330861;361.0384233704741;0.30307763795800985;192.7195745640366;197.55149744816882;0.05256648113790974;0.00463821892393321;0.0;0.5241187384044527;0.024737167594310445;0.2189239332096475;0.0015460729746444033;classicism;0.017934446505875085
184;0.7479763387297634;323.5363688872017;0.5339462936673414;145.18199294257204;227.2679861791384;0.0460772104607721;0.0547945205479452;0.0;0.4975093399750934;0.053549190535491904;0.10149439601494396;0.011830635118306352;classicism;0.0024906600249066
185;0.5275286497259591;301.48173481250086;0.5260999938279006;151.84718667251067;144.79868909859206;0.02840059790732436;0.02989536621823617;0.005979073243647237;0.3836571998006976;0.009965122072745393;0.23019431988041855;0.02690582959641256;classicism;0.0
186;0.4398625429553265;218.88862142161406;0.39141566645490794;72.95936600168135;90.69107134239685;0.0;0.025200458190148902;0.0022909507445589925;0.3665521191294387;0.006872852233676975;0.2680412371134021;0.022909507445589918;classicism;0.0
187;0.8130890052356021;388.56422622299345;0.577625023238033;213.67810387653182;337.25471507749086;0.007329842931937174;0.09214659685863874;0.0020942408376963357;0.6261780104712041;0.011518324607329844;0.025130890052356025;0.0;classicism;0.01884816753926702
188;0.5589428469156426;382.9384061039205;0.4440011198484976;215.82355492647469;200.21214823616435;0.06347691206299964;0.015153322992482997;0.007755637752058227;0.4742870779143301;0.008948812790836416;0.32000954540031024;0.000954540031022551;classicism;0.026011215845364515
189;0.5432405566600398;354.92339316898557;0.3164754060680457;168.37909922544216;184.76487737730702;0.046590025066989366;0.00786584838793327;8.643789437289306e-05;0.5426571008730228;0.02489411357939321;0.2532630305125767;0.0017287578874578616;classicism;0.009853919958509809
190;0.6548157724628313;351.1377265534166;0.42764944540428296;165.25871437113034;227.01535317973446;0.036845507433742736;0.04654169360051713;0.0;0.5585003232062056;0.050420168067226885;0.18358112475759533;0.0;classicism;0.010342598577892695
191;0.6647664071190211;399.89337632084977;0.3516148338898367;145.0094371992081;260.62034121121707;0.06952169076751946;0.030589543937708567;0.0;0.6451612903225806;0.021134593993325918;0.035595105672969966;0.004449388209121247;classicism;0.00778642936596218
192;0.8688504627374574;352.98989067198823;0.5677977586566704;155.93212586434288;296.8878158165808;0.03701899659035556;0.1130053580126644;0.0;0.495859717486605;0.014612761811982462;0.039454456892352656;0.002922552362396493;classicism;0.0009741841207988307
193;0.6493128964059197;373.66959149375816;0.5486115989031026;164.58408401261764;236.94835208435643;0.08562367864693445;0.026427061310782242;0.013742071881606765;0.6136363636363636;0.02167019027484144;0.1744186046511628;0.0;classicism;0.011627906976744184
194;0.7529354207436401;367.20988353741325;0.3987396898381452;162.2266172398092;271.97663091101697;0.04794520547945205;0.0009784735812133072;0.0;0.6164383561643836;0.09001956947162426;0.005870841487279843;0.0;classicism;0.0019569471624266144
195;0.9950561797752808;340.19035936964383;0.6772202330371149;155.21425544149398;336.4294939709273;0.04674157303370787;0.10382022471910114;0.0202247191011236;0.4206741573033708;0.018876404494382024;0.0;0.0;classicism;0.006292134831460674
196;0.574677445696554;391.24251182991304;0.369272912278287;221.0787891794105;216.8995480376832;0.053568512167238284;0.01584190756165279;0.0027764167891556426;0.5603462355054711;0.007839294463498285;0.1814470031030541;0.017475093908214927;classicism;0.033970276008492575
197;0.4096958174904943;370.67554511612764;0.2488970015065117;186.85206620080157;142.19324918930528;0.08745247148288972;0.0019011406844106464;0.0;0.3307984790874525;0.0076045627376425855;0.532319391634981;0.0;classicism;0.01140684410646388
198;1.3880952380952378;234.3976676725827;0.7328577616879098;96.8128639022856;324.9831916984325;0.0;0.15714285714285714;0.0;0.05873015873015872;0.006349206349206349;0.0;0.0;classicism;0.0
199;2.155021834061136;304.68352118856035;1.5640975906818733;133.58871450798867;658.1218974767496;0.05021834061135372;0.4541484716157205;0.15065502183406113;0.026200873362445413;0.000727802037845706;0.001455604075691412;0.0;renaissance;0.0
200;2.645489199491741;236.61202108017224;1.7373947863926142;105.69946731897987;627.4029208905313;0.006353240152477764;0.5870393900889453;0.2312579415501906;0.0025412960609911056;0.0;0.0;0.0;renaissance;0.0
201;1.572421165152325;300.2919863411259;0.9679351288943148;108.70414751341455;465.4291609709739;0.003206841261357563;0.3153393907001603;0.08925708177445217;0.12453233564938535;0.016568679850347406;0.0;0.0;renaissance;0.0
202;1.2079288025889967;326.3207536852695;0.6254042690814459;128.29554099914924;390.45245775581714;0.04773462783171521;0.17637540453074435;0.022653721682847898;0.10275080906148867;0.042071197411003236;0.014563106796116504;0.0;renaissance;0.0
203;2.7883986928104574;286.6418636031338;1.7326863567820587;90.059301287259;809.709343313064;0.0;0.4297385620915033;0.2777777777777778;0.004901960784313725;0.0;0.0;0.0;renaissance;0.0
204;2.6587215601300107;316.40950234672675;1.4823801873943692;118.86016981241032;846.2288575341614;0.029794149512459383;0.3981581798483207;0.32123510292524377;0.014084507042253518;0.0;0.0;0.0;renaissance;0.0005417118093174433
205;1.4186893203883495;382.75153904386843;1.025421523831264;130.24980860572578;553.2744052591904;0.0546116504854369;0.22936893203883496;0.0825242718446602;0.33737864077669905;0.07402912621359223;0.0024271844660194173;0.0;renaissance;0.0
206;1.8910505836575875;262.41702307569705;1.095828814148723;102.41886176102932;480.32271788049485;0.0;0.4345006485084306;0.1608300907911803;0.14267185473411154;0.018158236057068743;0.0;0.0;renaissance;0.0
207;1.2496954933008526;241.94383283469205;0.7511156329893426;88.00686112950535;297.92953506334686;0.001218026796589525;0.18514007308160785;0.0389768574908648;0.19975639464068207;0.07917174177831912;0.0024360535931790502;0.0;renaissance;0.0
208;1.4535885167464115;271.5420369455644;0.8426428253773961;103.69861669524805;394.2699782642582;0.007655502392344499;0.2909090909090909;0.058373205741626785;0.12535885167464114;0.043062200956937816;0.0;0.0;renaissance;0.0
209;3.0525;333.72159660125095;1.6289548029334635;152.46684101480557;993.9865859326708;0.041250000000000016;0.41625;0.34875;0.005;0.0;0.0;0.0;renaissance;0.00375
210;1.5492788461538465;253.82713241857587;0.930067841256131;100.66193939439293;390.44247674391715;0.0012019230769230768;0.3449519230769231;0.07692307692307693;0.15264423076923078;0.027644230769230768;0.0;0.0;renaissance;0.0
211;1.436642453591606;255.9836885043387;1.019180369046192;97.67896189870926;369.50628164156;0.007263922518159807;0.2421307506053269;0.08313155770782889;0.28490718321226793;0.05326876513317192;0.0016142050040355124;0.0;renaissance;0.0
212;1.569086651053864;245.39667112454597;0.9961423764591976;106.18626868947412;388.2015301523416;0.00936768149882904;0.33021077283372363;0.08899297423887588;0.20491803278688525;0.04566744730679157;0.00936768149882904;0.0;renaissance;0.0
213;1.6533530571992108;370.2521426299303;1.1484772954787998;176.52348556591184;603.8240835463125;0.10650887573964496;0.267258382642998;0.1346153846153846;0.2312623274161736;0.0611439842209073;0.010848126232741616;0.0;renaissance;0.009368836291913214
214;3.1374705420267084;278.7994080590116;1.7670597391921368;118.95458540051979;868.1740226143214;0.02199528672427337;0.4312647289866457;0.33857030636292224;0.0;0.0;0.0;0.0;renaissance;0.0
215;2.1865443425076454;350.40030431439726;1.3146095048243092;172.82220519283874;767.7860293113698;0.04281345565749236;0.3922018348623853;0.18807339449541285;0.0191131498470948;0.008409785932721712;0.0;0.0;renaissance;0.016055045871559637
216;1.9620098039215683;275.7742272476057;1.1626382502241508;119.28950743349506;537.0483927765673;0.0196078431372549;0.4025735294117647;0.13541666666666666;0.046568627450980386;0.0275735294117647;0.0012254901960784314;0.0;renaissance;0.0
217;2.1490765171503963;347.50467446601317;1.2569880413502876;142.58755662955718;744.4294019691554;0.032981530343007916;0.4366754617414248;0.13852242744063326;0.021108179419525062;0.013192612137203168;0.0;0.0;renaissance;0.0
218;1.5122324159021407;289.57847495631523;0.9169672629234744;116.41510762942387;432.1441401857669;0.024464831804281342;0.28593272171253825;0.06574923547400613;0.1559633027522936;0.03669724770642202;0.0;0.0;renaissance;0.0
219;2.470031545741325;339.2285611214373;1.390980748896195;138.37715685710148;818.7515384959282;0.025236593059936908;0.4613564668769717;0.24132492113564666;0.001577287066246057;0.0;0.0;0.0;renaissance;0.0
220;1.7182266009852216;294.22847065507216;1.104140352987492;125.94587530469582;496.18320314276804;0.026600985221674874;0.3842364532019704;0.08472906403940887;0.09753694581280788;0.024630541871921183;0.0;0.0;renaissance;0.0
221;1.1640625;356.64847574314376;0.7438213011457755;146.25989469630943;412.4247983416028;0.03645833333333333;0.18489583333333334;0.02690972222222222;0.23784722222222224;0.05295138888888888;0.04166666666666667;0.0;renaissance;0.010416666666666664
222;1.8010369410239793;321.95005320961945;1.14443575993409;144.7085829061154;579.8115183614237;0.016202203499675955;0.3201555411535969;0.09980557355800387;0.058976020738820474;0.04990278677900194;0.0;0.0;renaissance;0.0
223;2.304225352112676;289.78048529075215;1.4144562106165168;129.84087551825704;662.7260873514458;0.017464788732394373;0.39943661971830985;0.1870422535211268;0.02535211267605634;0.009577464788732394;0.0;0.0;renaissance;0.0
224;2.0361256544502617;324.8586896361002;1.1396029734475688;145.3248880565367;661.0656158077397;0.0356020942408377;0.5062827225130889;0.13141361256544504;0.049214659685863874;0.01780104712041885;0.0;0.0;renaissance;0.0
225;2.3633802816901412;279.93458183803534;1.2801286727380639;127.17454551295462;666.5186733422339;0.028169014084507036;0.4746478873239437;0.17746478873239438;0.009859154929577466;0.0;0.0;0.0;renaissance;0.0
226;1.6921985815602838;358.7644204691909;1.0868048636389118;139.67529771945922;602.333797023392;0.03971631205673759;0.34609929078014184;0.0624113475177305;0.0425531914893617;0.011347517730496456;0.0;0.0;renaissance;0.0
227;1.4024390243902438;379.6857930198652;0.9054192531969664;152.3213922826579;528.3897810668384;0.06097560975609756;0.24065040650406505;0.06829268292682927;0.14634146341463414;0.03333333333333333;0.008130081300813009;0.0;renaissance;0.022764227642276424
228;1.078476821192053;261.16870084081097;0.6636620742520181;122.73402932209083;283.0950084352594;0.023178807947019875;0.13774834437086092;0.019205298013245036;0.27019867549668874;0.041721854304635764;0.025827814569536426;0.0;renaissance;0.0
229;1.7559748427672957;252.03590261952138;0.9540770636548552;122.21570992912508;436.28546150126283;0.011320754716981131;0.37735849056603776;0.10230607966457024;0.04654088050314465;0.02389937106918239;0.0;0.0;renaissance;0.0
230;1.1756628787878791;289.05554058611887;0.7565462642731454;119.48484685743172;341.3547573812258;0.020833333333333332;0.16666666666666666;0.03598484848484849;0.20075757575757572;0.033143939393939385;0.032196969696969696;0.0;renaissance;0.0
231;1.336223506743738;325.382996166061;1.0215208334846595;134.720478133813;428.6233943192749;0.05298651252408476;0.2543352601156069;0.05202312138728324;0.29190751445086704;0.04335260115606936;0.023121387283236997;0.0;renaissance;0.0
232;3.3045078196872124;288.49508432360375;2.0314246752711256;123.80575662874264;953.7508969551347;0.030358785648574062;0.4204231830726771;0.31922723091076355;0.009199632014719409;0.0;0.0;0.0;renaissance;0.0
233;1.7964601769911503;313.4415220845815;1.4625430317407044;171.1530062307821;540.6217505254821;0.0504827031375704;0.26327433628318586;0.12288817377312952;0.0925181013676589;0.01729686242960579;0.07361222847948512;0.0;renaissance;0.008849557522123895
234;2.894607843137255;321.83842552697985;1.6854507839517798;130.80817237997329;921.1499406578787;0.04166666666666666;0.3602941176470589;0.3321078431372549;0.0;0.0;0.0;0.0;renaissance;0.0
235;1.9827814569536424;396.62590894267936;1.6319388754110211;182.5480302859805;789.8620133692688;0.052538631346578366;0.3130242825607064;0.11788079470198674;0.14437086092715232;0.038852097130242826;0.0008830022075055188;0.0;renaissance;0.0392935982339956
236;2.26568005637773;283.25855107384535;1.4557941435049395;120.00058719713896;650.4156468568433;0.0204369274136716;0.32205778717406625;0.18745595489781536;0.09020436927413672;0.04933051444679352;0.0;0.0;renaissance;0.0
237;2.7042001787310097;387.0647516385247;1.5918666880181185;158.14309966836564;1031.2742587476764;0.06970509383378018;0.4316353887399464;0.2627345844504021;0.0053619302949061655;0.0;0.0;0.0;renaissance;0.02234137622877569
238;3.25309992706054;251.5622320786629;2.097047135466772;106.91010082955685;804.6705529788646;0.0036469730123997093;0.2603938730853392;0.33916849015317285;0.001458789204959883;0.0;0.0;0.0;renaissance;0.0
239;1.6879251700680271;335.8190335550429;1.0500722915731722;142.0511837380941;546.1636648728353;0.03826530612244898;0.3869047619047619;0.0935374149659864;0.16921768707482995;0.04166666666666667;0.003401360544217687;0.0;renaissance;0.005952380952380952
240;1.3766233766233766;330.4389309675988;0.8799460039808426;137.57807682640276;449.14720422078796;0.06375442739079103;0.3234946871310508;0.05312868949232585;0.2898465171192444;0.05548996458087367;0.003541912632821724;0.0;renaissance;0.001770956316410862
241;1.3930434782608696;333.84066616463286;0.602218052411835;133.30088824736185;455.5183979692785;0.04695652173913042;0.4095652173913044;0.006956521739130435;0.10695652173913044;0.049565217391304345;0.006956521739130435;0.0;renaissance;0.006086956521739129
242;3.0458937198067635;258.03984708897167;1.7719486389403856;103.52160745495227;782.7162827759662;0.004830917874396134;0.5519323671497585;0.2644927536231884;0.0024154589371980675;0.0;0.0;0.0;renaissance;0.0
243;3.2995169082125604;258.32181626457026;2.053546421856332;102.45406254835852;832.1765620703677;0.0024154589371980675;0.3695652173913043;0.31521739130434784;0.0;0.0;0.0;0.0;renaissance;0.0
244;1.7736665064872656;263.3647142941051;1.2054949722375874;92.9911696458217;465.9250170887544;0.0076886112445939455;0.2892839980778472;0.13743392599711676;0.1999038923594426;0.04132628543969245;0.0019221528111484864;0.0;renaissance;0.0
245;1.3745777027027026;248.93647326496483;0.930009394410626;105.66026716791126;337.53870406530024;0.007601351351351352;0.26309121621621623;0.06841216216216216;0.27407094594594594;0.05912162162162163;0.007601351351351352;0.0;renaissance;0.0
246;1.581042654028436;292.337328475253;1.0082603894457207;118.3274175353342;454.97592695115;0.0;0.2729857819905213;0.0981042654028436;0.16113744075829384;0.04928909952606635;0.0018957345971563984;0.0;renaissance;0.0
247;2.96588693957115;282.748475501624;1.89689863459518;114.90897166275793;820.6903771350815;0.012508122157244969;0.4095191682910981;0.28037686809616635;0.0009746588693957113;0.0;0.0;0.0;renaissance;0.0
248;3.954179566563468;280.8692268725703;2.7288856510576647;114.28968620553977;1057.040735409746;0.024148606811145515;0.23095975232198146;0.35541795665634673;0.0;0.0;0.0;0.0;renaissance;0.0
249;1.519053876478318;320.5843036978603;0.8963076600101345;137.3167026685481;469.7779133192942;0.04204993429697766;0.3574244415243101;0.0657030223390276;0.17082785808147175;0.02628120893561104;0.0;0.0;renaissance;0.005256241787122208
250;1.4424778761061947;383.1231064456962;1.0335242873919068;162.8148104972579;537.616520349473;0.061314791403286974;0.2079646017699115;0.06890012642225031;0.21744627054361568;0.07458912768647281;0.0050568900126422255;0.0;renaissance;0.024020227560050563
251;3.1774647887323946;274.248005385338;1.945009058943041;112.40512841039032;876.4689403572031;0.014084507042253525;0.3821596244131456;0.3145539906103286;0.0018779342723004692;0.0;0.0;0.0;renaissance;0.0
252;2.5784267545925577;302.52664146233406;1.6034277850807848;110.97236083766948;767.2920438965201;0.012246820536975971;0.4258125294394723;0.2397550635892605;0.014130946773433815;0.0;0.0;0.0;renaissance;0.0
253;2.364064602960969;318.18407661478517;1.4426079853258074;116.8403570892211;739.2384955361928;0.026917900403768503;0.4353970390309556;0.20592193808882908;0.014804845222072678;0.0;0.0;0.0;renaissance;0.0
254;1.3724928366762177;325.7848969413078;0.8092869464513424;125.55192716985269;435.5122083039481;0.02196752626552053;0.23686723973256926;0.05253104106972302;0.13276026743075453;0.05062082139446037;0.0;0.0;renaissance;0.0
255;1.5412186379928314;299.3075049305705;0.9807706864368712;115.3082675174402;455.5191882348693;0.01747311827956989;0.30107526881720426;0.07706093189964157;0.15277777777777776;0.04077060931899641;0.0;0.0;renaissance;0.0
256;1.21900826446281;313.8800110952152;0.6684404975298421;103.89658660430307;379.44727117110983;0.013085399449035813;0.1992653810835629;0.02226813590449954;0.16046831955922866;0.05303030303030303;0.013774104683195593;0.0;renaissance;0.0
257;2.7146706586826346;272.38672265995126;1.7150994749283688;101.98098487096986;736.5215514852878;0.001946107784431137;0.4502994011976048;0.2528443113772455;0.0062874251497005975;0.0;0.0;0.0;renaissance;0.0
258;1.2;257.297935365895;0.6151789349053002;104.27511386885965;302.7077212243443;0.003658536585365853;0.20365853658536584;0.01707317073170732;0.14878048780487804;0.040243902439024384;0.007317073170731708;0.0;renaissance;0.0
259;1.5385241454150842;270.84502987673596;0.9699821238026812;115.16800940895875;419.8008221701693;0.01247965274009767;0.3266413456321216;0.049376017362995114;0.096581660336408;0.057514921323928374;0.015735214324470982;0.0;renaissance;0.0
260;1.3973268529769138;236.04846850355682;0.6182463726135043;107.07210177745183;323.2386229497829;0.0;0.3365735115431349;0.014580801944106925;0.04009720534629405;0.015795868772782502;0.0;0.0;renaissance;0.0
261;1.229579207920792;336.2137901097901;0.8127431524441884;123.12115235144405;414.27963958931366;0.017326732673267328;0.2042079207920792;0.030940594059405937;0.18811881188118806;0.03527227722772277;0.023514851485148515;0.0;renaissance;0.0
262;1.2332293291731669;324.59545966590804;0.8016604407283194;127.75443196875992;400.2887048248621;0.0249609984399376;0.19032761310452415;0.04290171606864274;0.22932917316692664;0.046801872074883;0.01950078003120125;0.0;renaissance;0.0
263;1.2273534635879215;338.3653757378168;0.8414745966059338;126.4883320022942;417.4319571424877;0.03730017761989343;0.18413262285375964;0.03552397868561278;0.22143280047365305;0.04262877442273536;0.016577856719952638;0.0;renaissance;0.0
264;1.2624900872323552;333.1003684102857;0.807437562433935;112.80704005748474;417.10729553262087;0.01665344964314036;0.19587628865979387;0.0372720063441713;0.18477398889770028;0.0436161776367962;0.012688342585249805;0.0;renaissance;0.0
265;1.278428545683907;356.6108952516211;0.7800942936796825;144.94234458471402;450.627090713642;0.05676698504234998;0.2351775094611642;0.03550189223283475;0.2167958190664985;0.04919805370336999;0.011533609659398092;0.0;renaissance;0.0
266;2.5853658536585367;228.43312656872283;1.5885864722992695;88.18295531425777;585.7998735999407;0.0;0.5308943089430894;0.2577235772357724;0.008130081300813009;0.0;0.0;0.0;renaissance;0.0
267;1.3360655737704918;357.1680161907215;0.7293483621072763;138.61973301014893;467.6546703176149;0.028929604628736737;0.2777242044358728;0.021215043394406944;0.15236258437801353;0.026036644165863064;0.007714561234329797;0.0;renaissance;0.0
268;1.3393316195372749;350.7175244157106;0.7767300002476376;122.59848007760964;468.24780562982994;0.05012853470437018;0.2626392459297344;0.03898886032562125;0.1636675235646958;0.06555269922879177;0.01456726649528706;0.0;renaissance;0.000856898029134533
269;2.5386250885896526;285.9535635992615;1.5508496408599828;111.57632681217702;731.9858228823214;0.00992204110559887;0.32459248759744863;0.2905740609496811;0.01842664776754075;0.007087172218284905;0.0;0.0;renaissance;0.0
270;1.3063988790284913;441.60936732264594;0.7724160145066141;119.91771159817577;577.0734737163338;0.1293787949556282;0.2638953759925268;0.03549743110695937;0.19523587108827645;0.05558150397010743;0.015880429705744974;0.0;renaissance;0.0
271;2.5639999999999996;341.2225165654899;1.715197947759966;138.77601184693404;842.9117460396625;0.049;0.423;0.21600000000000003;0.016;0.0;0.0;0.0;renaissance;0.01
272;3.2414422638064813;282.71126303288054;1.8061936448320937;109.79886455899585;910.275652723483;0.007759014148790507;0.3199452304883615;0.3829301688726609;0.002738475581926061;0.0;0.0;0.0;renaissance;0.0
273;2.5406633348477965;235.9529100599728;1.4891109580865585;89.53277367779812;592.0411697086173;0.0;0.4461608359836438;0.24761472058155384;0.03271240345297592;0.0;0.0;0.0;renaissance;0.0
274;3.28388746803069;253.32171275966513;1.6804541750865696;114.71175594368637;821.8574371359842;0.02387041773231031;0.36999147485081;0.4467178175618073;0.0;0.0;0.0;0.0;renaissance;0.0
275;1.4955516014234875;319.6957654245673;0.8996478937598563;120.13587828316231;476.5671551917394;0.014234875444839859;0.3069395017793594;0.06850533807829183;0.13701067615658366;0.037366548042704624;0.010676156583629894;0.0;renaissance;0.0
276;1.4298165137614678;307.9161275271509;0.8764926787338755;142.41554824355092;447.42653687706064;0.06697247706422019;0.28165137614678903;0.06330275229357799;0.1596330275229358;0.03944954128440367;0.007339449541284405;0.0;renaissance;0.0
277;1.0089403973509934;346.9910152181565;0.6596227622668159;169.4675114505509;351.5072820664133;0.029139072847682117;0.12781456953642387;0.016556291390728478;0.2629139072847683;0.050331125827814564;0.07682119205298013;0.0;renaissance;0.006622516556291391
278;1.127741366271742;310.6747274910006;0.7511258775013876;128.48241388262372;345.72212843456003;0.02571212503150995;0.14834887824552556;0.024199647088479957;0.3099319384925636;0.07373329972271236;0.028737080917569945;0.0;renaissance;0.0005041593143433325
279;2.011363636363636;305.50675587911064;1.1082779248355017;113.3849563436002;610.4586536663045;0.01590909090909091;0.4446969696969697;0.16515151515151516;0.03787878787878789;0.0030303030303030303;0.0;0.0;renaissance;0.0
280;1.8882402001668055;252.4985556760243;0.9968776052347026;91.57148772644659;477.62389217891314;0.0;0.4503753127606339;0.13427856547122605;0.05254378648874063;0.015846538782318603;0.0;0.0;renaissance;0.0
281;1.1615515771526002;293.6728496275362;0.6266570368899578;106.6164467317802;343.50401849009046;0.009377664109121909;0.18414322250639384;0.01705029838022165;0.1364023870417732;0.040068201193520885;0.040920716112531966;0.0;renaissance;0.0
282;3.188745603751465;286.089217561484;1.874307049066549;113.10757756086781;922.5362558222878;0.01406799531066823;0.3188745603751465;0.3833528722157093;0.0;0.0;0.0;0.0;renaissance;0.0
283;1.2722323049001816;326.19432208594714;0.6695320136022661;130.5641092005357;415.14179573048096;0.04658197217180883;0.2710223835450696;0.016333938294010888;0.19479733817301875;0.05807622504537205;0.0;0.0;renaissance;0.0
284;1.1530837004405283;285.3097124362976;0.6794832884256558;96.60281153722944;330.6988635560865;0.004405286343612335;0.183920704845815;0.02312775330396476;0.2566079295154185;0.0605726872246696;0.00881057268722467;0.0;renaissance;0.0
285;1.3777777777777778;316.7120398902246;0.7280295366074371;120.77023922452612;433.78200808405137;0.02083333333333334;0.26805555555555555;0.036111111111111115;0.06944444444444445;0.02083333333333333;0.0027777777777777783;0.0;renaissance;0.0
286;1.1266201395812565;249.61456235192037;0.5734176652464853;112.30603110835006;273.6066186716166;0.006979062811565304;0.14456630109670987;0.01694915254237288;0.14556331006979062;0.022931206380857428;0.009970089730807577;0.0;renaissance;0.0
287;1.3589562764456982;210.91254666397708;0.7826311158729498;69.41554572078621;286.46296357162237;0.0;0.26657263751763044;0.024682651622002817;0.11071932299012692;0.03596614950634697;0.002820874471086037;0.0;renaissance;0.0
288;1.2383146807109942;242.977098355398;0.6492159070738909;96.54955193450942;298.7744309424242;0.0;0.2337063857801184;0.020408163265306117;0.13693219223173134;0.03949967083607637;0.015799868334430547;0.0;renaissance;0.0
289;1.311381074168798;249.8102833335473;0.7729264054125803;103.20846014761729;331.9079569068176;0.006393861892583118;0.2231457800511509;0.030690537084398974;0.10805626598465473;0.026214833759590796;0.005115089514066497;0.0;renaissance;0.0
290;1.1964383561643837;289.43555924101;0.6665498365135213;124.87943044645873;344.84046223536626;0.028493150684931513;0.2273972602739726;0.01315068493150685;0.21972602739726027;0.03726027397260274;0.006575342465753425;0.0;renaissance;0.0
291;2.348148148148148;319.0442778900427;1.399362974804526;169.19623621041032;747.5387372818055;0.04691358024691357;0.460082304526749;0.20082304526748973;0.017283950617283952;0.013991769547325105;0.0;0.0;renaissance;0.014814814814814812
292;1.7689163697338084;354.8138825495269;1.1947421841256585;169.02935182846457;601.4826617879304;0.047998323202682866;0.2997275204359673;0.16977572835883462;0.12345420247327607;0.02787675539719137;0.05763990777614756;0.0;renaissance;0.008383986585621462
293;1.1725978647686832;274.8841933276556;0.6488019442344605;127.62560727670322;322.1719046377357;0.029804270462633436;0.18149466192170816;0.012455516014234877;0.19973309608540926;0.05693950177935943;0.01912811387900356;0.0;renaissance;0.0
294;1.2351231190150478;299.3695700047494;0.7317613291534638;137.5083134852;360.7962093416817;0.025991792065663467;0.2055403556771546;0.02017783857729138;0.17886456908344733;0.053693570451436384;0.03967168262653899;0.0;renaissance;0.0023939808481532143
295;1.2710304942166142;293.23193803050333;0.7003017902216611;137.41588229762;364.42220078256486;0.03732912723449002;0.2754994742376446;0.019978969505783387;0.1529968454258675;0.03943217665615142;0.03627760252365931;0.0;renaissance;0.0010515247108307051
296;1.1962616822429906;281.30763132834653;0.6385475975415944;112.66795953667801;336.976341942742;0.02336448598130841;0.04672897196261682;0.0;0.20093457943925236;0.20093457943925236;0.0;0.0;romanticism;0.0
297;2.18801652892562;303.00853331447604;1.0832024145104069;112.99014738545937;655.4410908498062;0.016528925619834708;0.3863636363636364;0.19834710743801653;0.0;0.0;0.0;0.0;romanticism;0.0
298;0.6040929303929575;300.08468908700314;0.36682333470031003;170.16248748158182;184.65323202536067;0.014293493057446231;0.009665123876939831;0.0013612850530901172;0.5093928668663219;0.03457664034848898;0.11870405662945822;0.0024503130955622113;romanticism;0.008303838823849715
299;0.8227848101265823;226.99175528557225;0.4390340472236617;71.88082818540556;183.4905968799515;0.0;0.03375527426160338;0.0;0.3924050632911392;0.14345991561181434;0.0928270042194093;0.0;romanticism;0.0
300;1.6708513142408787;288.2090545032777;1.1854095756998446;154.07437810502915;442.4284533899038;0.012553942722636328;0.3691643781875245;0.14240878775990584;0.3436641820321695;0.0;0.012553942722636328;0.0;romanticism;0.005884660651235779
301;1.1993736951983298;302.71983297954387;0.7227438613796174;132.70909932909657;358.3362366256113;0.03131524008350732;0.1002087682672234;0.012526096033402923;0.22964509394572025;0.1210855949895616;0.008350730688935281;0.0;romanticism;0.002087682672233821
302;1.0927914110429449;330.1616899071627;0.6164427931502188;135.70002606021046;359.2531548673801;0.06441717791411042;0.098159509202454;0.0;0.3067484662576687;0.1441717791411043;0.009202453987730062;0.0;romanticism;0.003067484662576686
303;1.086666666666667;318.070030731356;0.6922357096956048;149.97669631057897;334.8909909814328;0.02666666666666667;0.1541666666666667;0.022500000000000003;0.2566666666666667;0.027500000000000004;0.03333333333333334;0.003333333333333334;romanticism;0.0058333333333333345
304;0.8445065176908753;281.5431513341102;0.4934700114415835;121.15373534878272;237.3208665666721;0.018621973929236504;0.0223463687150838;0.0;0.484171322160149;0.08379888268156424;0.0223463687150838;0.0;romanticism;0.0
305;0.6527122641509434;336.1435007273033;0.5804639509393814;138.39845876045388;213.12026251800592;0.03419811320754717;0.04481132075471698;0.01179245283018868;0.24646226415094336;0.027122641509433963;0.4233490566037736;0.0;romanticism;0.0
306;1.0845959595959596;290.4659254784618;0.4711795732910176;121.71524586544649;312.4033753002506;0.015151515151515154;0.015151515151515154;0.005050505050505051;0.11616161616161615;0.11363636363636365;0.0;0.0;romanticism;0.0
307;0.3271978021978022;417.82937031450206;0.2496879467743696;295.49390075066793;132.15984599620708;0.05164835164835165;0.0;0.0;0.11428571428571427;0.02307692307692308;0.6835164835164835;0.0032967032967032967;romanticism;0.021978021978021983
308;0.7938545001778726;408.36304389303075;0.6783366599781653;277.19692801217195;314.6472556031339;0.03863393810032017;0.08409818569903947;0.013874066168623266;0.2439701173959445;0.01728922091782284;0.0066168623265741725;0.0;romanticism;0.036072572038420486
309;0.7120689655172414;296.95060072125;0.5413552871893793;142.30302938476558;173.4836781954279;0.02844827586206897;0.11982758620689656;0.004310344827586207;0.8456896551724138;0.01293103448275862;0.004310344827586207;0.0;romanticism;0.003448275862068965
310;0.5271558872305141;325.5961184713206;0.2586371102600108;128.33701170258294;164.6892521561521;0.02819237147595357;0.00912106135986733;0.0;0.6252072968490879;0.0;0.1791044776119403;0.0;romanticism;0.0
311;0.8802083333333334;304.36073942548063;0.4968378742244686;134.01612908492814;264.98777579796644;0.0;0.09583333333333333;0.0;0.19166666666666665;0.06666666666666668;0.1416666666666667;0.0125;romanticism;0.0
312;0.6087962962962963;290.54776891341686;0.3631456810500366;109.07790351722635;168.7616878431853;0.0;0.0308641975308642;0.0;0.7206790123456791;0.04320987654320988;0.07407407407407407;0.0;romanticism;0.0
313;0.8893415284924718;396.3025519215712;0.6653683768151969;262.56798216053505;306.6811694197281;0.04516866781017727;0.11921097770154375;0.013150371640937679;0.07032590051457976;0.0385934819897084;0.1429388221841052;0.0;romanticism;0.04974271012006863
314;1.4784784784784786;311.314568742747;0.9561388438799372;128.82497890543993;473.510101016418;0.022022022022022032;0.19019019019019012;0.08708708708708708;0.12512512512512514;0.055055055055055035;0.0;0.0;romanticism;0.005005005005005007
315;1.4232385661310258;336.49778195292726;0.815360200045335;151.89936793704672;477.9449748476852;0.05241038318912237;0.2880098887515451;0.04697156983930779;0.14313967861557478;0.05957972805933251;0.0034610630407911;0.0;romanticism;0.002966625463535228
316;0.6862109605185621;329.18925602159686;0.4667225061497365;148.41562741749158;232.26310330102606;0.022981732469063057;0.04419563936358279;0.0;0.7961107837360047;0.009428403064230996;0.0;0.0;romanticism;0.004124926340601061
317;1.0644307149161518;361.1382762652253;0.6985810595372229;180.24992245744838;394.1586061709398;0.01235657546337158;0.12444836716681378;0.020300088261253308;0.17387466902030008;0.05825242718446603;0.014121800529567519;0.0;romanticism;0.0035304501323918805
318;0.8092991913746631;384.1641463694135;0.5180035915964324;172.99301927578702;299.87944229731585;0.06738544474393532;0.07592093441150047;0.004492362982929022;0.6298292902066487;0.051662174303683736;0.0;0.0;romanticism;0.013926325247079964
319;1.1038834951456309;366.7031817945328;0.7337568793187935;188.57635740162;405.45414426173585;0.05242718446601945;0.09967637540453073;0.001941747572815534;0.46084142394822;0.29190938511326864;0.0;0.0;romanticism;0.002588996763754046
320;1.4574303405572755;320.7093282255646;0.836317053627277;142.17686052474517;456.61794945885237;0.04102167182662538;0.25232198142414863;0.06269349845201237;0.04643962848297214;0.0;0.0;0.0;romanticism;0.0046439628482972135
321;0.9215792320173066;343.6810286915976;0.5669145417939191;141.2370235048884;308.51361849529764;0.03407247160627366;0.09194159004867496;0.007571660356949702;0.4667387777176853;0.07842076798269333;0.01243915630070308;0.0;romanticism;0.0016224986479177936
322;0.9700910273081924;339.15887833109474;0.6481877744402429;133.7702787858844;320.1939645069413;0.03315994798439532;0.022756827048114436;0.01235370611183355;0.3949934980494148;0.14596879063719115;0.027633289986996098;0.003250975292587776;romanticism;0.002600780234070221
323;0.8893241919686582;343.3163272925983;0.6409109420959738;142.99608745714497;299.84577630777045;0.028077048645119163;0.05680705190989226;0.011426705843943848;0.35422788116225923;0.10610512569376428;0.11524649036891935;0.0013059092393078685;romanticism;0.004570682337577538
324;0.8725861169102297;344.43902918747773;0.7057866751281655;139.2191881315821;297.7895028565039;0.032359081419624215;0.07698329853862212;0.020876826722338204;0.453027139874739;0.07359081419624218;0.10568893528183716;0.005741127348643006;romanticism;0.002348643006263048
325;0.5840821566110398;335.8696173584333;0.381903916872676;142.98594594738546;188.12468524660247;0.06675224646983313;0.034659820282413364;0.0;0.5019255455712452;0.020539152759948654;0.2695763799743261;0.0;romanticism;0.002567394094993581
326;0.8836455331412104;316.4652332898357;0.5640652847432324;142.15505367074792;273.8504965024088;0.023260601070399345;0.08110333470564017;0.006998764923836971;0.5168793742280774;0.06772334293948126;0.013379991766158913;0.0;romanticism;0.004940304652120215
327;0.7854578096947935;233.01006572235318;0.5240828669700776;74.29943466397931;182.46300917443668;0.0;0.03590664272890485;0.0;0.4901256732495512;0.0466786355475763;0.0807899461400359;0.0;romanticism;0.0
328;0.9043141592920354;336.3403654877853;0.5439461423052084;139.60102447503334;304.28795874834117;0.028761061946902675;0.0;0.0;0.5199115044247787;0.2621681415929204;0.008849557522123895;0.006637168141592918;romanticism;0.007743362831858411
329;1.1387303851640511;364.3956992721112;0.8949587797042144;142.57463542018309;412.0739772733349;0.046362339514978604;0.16619115549215407;0.051355206847360925;0.4386590584878745;0.06918687589158347;0.0;0.0007132667617689017;romanticism;0.0
330;0.8926380368098159;224.65242766573516;0.4883373924449668;68.4915010150891;200.49114081574604;0.0;0.0;0.0;0.4969325153374233;0.2085889570552147;0.0;0.0;romanticism;0.0
331;0.5682989690721649;302.69767784979575;0.27369690004039265;116.50310158925905;166.73358391487415;0.02061855670103093;0.015463917525773196;0.0;0.7860824742268041;0.01804123711340206;0.07731958762886597;0.0;romanticism;0.0
332;1.199501246882793;338.84686145776664;0.6386158275406879;147.22500911057256;391.2689150619507;0.04239401496259352;0.14463840399002495;0.024937655860349132;0.1321695760598504;0.06234413965087283;0.0;0.0;romanticism;0.0
333;1.0204581358609794;356.0267620486433;0.7424267282183028;156.70055838161704;336.30619793114585;0.0476303317535545;0.13246445497630333;0.027725118483412317;0.4303317535545024;0.07251184834123223;0.013270142180094787;0.0;romanticism;0.008767772511848342
334;0.9410029498525072;217.6933382119814;0.5530688291567413;62.20733069537846;204.06073298326726;0.0;0.08849557522123894;0.008849557522123894;0.06489675516224189;0.06489675516224189;0.17404129793510326;0.0;romanticism;0.0
335;0.9663962920046351;219.5614661080318;0.6065741541495113;69.23201807914326;207.9129641366914;0.0;0.0;0.0;0.4727694090382386;0.2062572421784473;0.0;0.0;romanticism;0.0
336;0.8088235294117647;345.6410380031583;0.5388164945948076;159.0414042117281;285.4737730622836;0.04010695187165776;0.05882352941176471;0.0053475935828877;0.6256684491978609;0.04010695187165776;0.0;0.0;romanticism;0.016042780748663103
337;0.7983425414364641;231.617973489094;0.5214876515266975;70.89110510439093;176.94347829063483;0.0;0.0;0.0;0.6611418047882136;0.14732965009208104;0.0;0.0;romanticism;0.0
338;1.2718340611353711;404.6154112067202;0.9049515971221174;217.04815074700025;464.2778551818705;0.0673216885007278;0.13937409024745268;0.0007278020378457061;0.22052401746724887;0.002911208151382824;0.0;0.0;romanticism;0.024017467248908297
339;0.7644495412844037;369.011813929912;0.7329232782887904;164.31352183559488;272.4219830158767;0.0481651376146789;0.08715596330275227;0.023853211009174303;0.14128440366972475;0.01697247706422018;0.44311926605504576;0.0;romanticism;0.005963302752293578
340;0.4736867704280156;352.3791199237023;0.5123949012543583;265.87078093278853;168.1478884819722;0.011284046692607007;0.019066147859922184;0.00972762645914397;0.34338521400778216;0.0003891050583657589;0.5021400778210118;0.011478599221789886;romanticism;0.013035019455252927
341;1.7604790419161678;290.6464757618604;0.4462249842699385;123.58464984424096;514.4036159406753;0.01397205588822355;0.7504990019960078;0.001996007984031936;0.001996007984031936;0.0019960079840319355;0.0;0.0;romanticism;0.0
342;1.7604790419161678;290.6464757618604;0.4462249842699385;123.58464984424096;514.4036159406753;0.01397205588822355;0.7504990019960078;0.001996007984031936;0.001996007984031936;0.0019960079840319355;0.0;0.0;romanticism;0.0
343;0.7730849947534103;232.22493372865958;0.5020860263695627;71.49563871048731;174.60834364281465;0.0;0.011542497376705143;0.009443861490031482;0.4554039874081847;0.04931794333683106;0.09548793284365163;0.0;romanticism;0.0
344;0.9540229885057472;282.50621692344976;0.3936676733228438;128.29191567728722;270.4969883833557;0.011494252873563223;0.07662835249042145;0.0;0.2835249042145594;0.03831417624521073;0.0;0.0;romanticism;0.0
345;0.8886925795053003;341.6133505836333;0.5117655169722725;153.55999951298026;291.6682013793888;0.0777385159010601;0.01060070671378092;0.01060070671378092;0.4346289752650176;0.16961130742049474;0.024734982332155483;0.0;romanticism;0.00353356890459364
346;1.0848563968668408;209.78656289328273;0.4793167654313491;64.57383378127072;224.86760934255372;0.0;0.020887728459530026;0.0052219321148825075;0.13315926892950392;0.12532637075718014;0.0;0.0;romanticism;0.0
347;0.5714285714285714;318.0121883521303;0.2751818069074451;141.11259895889685;178.74719605631114;0.045112781954887216;0.0;0.0;0.575187969924812;0.03383458646616541;0.15037593984962405;0.015037593984962403;romanticism;0.0
348;1.0617283950617284;211.28994720231015;0.5986063171555881;71.5932828327117;227.5691004057288;0.0;0.08641975308641975;0.0;0.13168724279835392;0.13168724279835392;0.09876543209876544;0.0;romanticism;0.0
349;0.92226148409894;330.89334583734296;0.5993658387478119;135.20577108029235;295.8855989592504;0.031802120141342746;0.11307420494699645;0.0;0.5123674911660777;0.09540636042402828;0.024734982332155483;0.0;romanticism;0.0
350;0.5747950819672131;341.1582125721178;0.2707381360955059;145.94976636916041;195.34921144309845;0.05327868852459016;0.01331967213114754;0.0;0.7971311475409836;0.022540983606557374;0.06147540983606557;0.0;romanticism;0.010245901639344263
351;0.8341836734693877;238.00661991682583;0.5015204911055484;64.94287088290243;200.08498473932983;0.0;0.02806122448979592;0.0;0.33418367346938777;0.028061224489795925;0.09438775510204084;0.0;romanticism;0.0
352;1.1474103585657371;346.73741897835436;0.476732808029053;155.48572101391372;391.84360350438146;0.06374501992031874;0.13545816733067728;0.0;0.09561752988047807;0.0398406374501992;0.0;0.0;romanticism;0.007968127490039842
353;1.2188409518917995;305.35171289564175;0.8098686578925914;133.02198283823472;347.18201264691834;0.01694915254237288;0.21623009758602985;0.03954802259887007;0.2146892655367232;0.03749357986646123;0.012326656394453009;0.0;romanticism;0.0
354;2.017448200654308;333.2269796701496;1.1580267637640411;112.28017980843399;659.1538343730907;0.0010905125408942203;0.3827699018538713;0.1668484187568157;0.0;0.0;0.0;0.0;romanticism;0.0010905125408942203
355;1.6022304832713754;307.4237457352387;1.156746272716069;134.0816732429707;481.3175030909204;0.0;0.2304832713754647;0.0;0.13754646840148702;0.0037174721189591076;0.0;0.0;romanticism;0.0
356;1.3327239488117002;268.0187248999937;0.8566806411205378;92.73152773941014;363.5091511772421;0.0018281535648994515;0.1425959780621572;0.05850091407678245;0.14990859232175502;0.05484460694698354;0.0;0.0;romanticism;0.0
357;1.7517053206002728;398.16854026214315;1.0360555698047265;153.91772121318462;693.9709884795523;0.016371077762619375;0.3315143246930423;0.121418826739427;0.043656207366984986;0.0;0.0;0.0;romanticism;0.0
358;0.7637795275590551;323.9068190432307;0.5288084977876303;164.83440070594503;247.685404248524;0.01804461942257218;0.056758530183727035;0.005577427821522311;0.659448818897638;0.06397637795275593;0.03149606299212599;0.0;romanticism;0.00853018372703412
359;1.011494252873563;298.3948488410643;0.4353424566530029;123.91495051934423;296.08378002459636;0.020114942528735632;0.002873563218390805;0.0;0.2270114942528736;0.15229885057471262;0.0;0.0;romanticism;0.0
360;0.5480640854472629;296.41251116255887;0.2780215553012888;144.6049503359391;160.28562723153655;0.03871829105473965;0.0;0.0;0.5594125500667557;0.03471295060080107;0.2283044058744993;0.0;romanticism;0.0053404539385847796
361;0.6053449347420758;357.68894996977167;0.3212187728605652;153.77358411723267;214.16813363171696;0.06650093225605966;0.023617153511497825;0.0;0.6824114356743319;0.01305158483530143;0.108141702921069;0.0;romanticism;0.013673088875077687
362;0.8927203065134101;218.26010309894107;0.5028507566439343;66.77198245111694;194.6632044518916;0.0;0.06130268199233716;0.0;0.4252873563218391;0.07279693486590039;0.03065134099616858;0.0;romanticism;0.0
363;0.900763358778626;290.23029074061367;0.5184380804277147;90.24514553184973;259.69212633045737;0.0;0.06106870229007633;0.0;0.4236641221374045;0.07251908396946566;0.03053435114503817;0.0;romanticism;0.0
364;0.6078431372549019;224.22581195979717;0.32895681556275785;73.8236850796912;134.37278401777002;0.0;0.007352941176470591;0.0;0.6997549019607844;0.04411764705882354;0.06617647058823531;0.00980392156862745;romanticism;0.0
365;1.282758620689655;215.71451262165283;0.7306440076220153;81.2123815266865;279.19417580155;0.0;0.16781609195402303;0.0;0.19080459770114944;0.039080459770114935;0.0;0.002298850574712644;romanticism;0.0
366;0.7478336221837089;225.74707841711682;0.4764405478730086;77.83471936317356;169.05455525866475;0.0;0.07279029462738301;0.0;0.5389948006932409;0.04506065857885616;0.09012131715771232;0.0;romanticism;0.0
367;0.8888888888888888;228.0337490727429;0.4742273275812894;83.40050018923375;202.67200454331203;0.0;0.0;0.0;0.4774774774774774;0.2112112112112112;0.008008008008008006;0.0;romanticism;0.0
368;0.4799191374663073;228.66098140996758;0.25943766114444644;73.3260872106013;108.29378301868748;0.0;0.007547169811320755;0.0;0.4932614555256065;0.010242587601078166;0.3401617250673854;0.0;romanticism;0.0
369;0.8597804391217565;323.6752251869817;0.4998411108453278;140.68360245229331;274.9612926349664;0.017964071856287425;0.08782435129740519;0.0;0.2744510978043912;0.0439121756487026;0.12075848303393212;0.0;romanticism;0.009980039920159679
370;0.8451035781544256;318.0356095402986;0.4601794239923338;139.45448298725717;270.75669636023486;0.041431261770244816;0.048022598870056485;0.0056497175141242955;0.4717514124293785;0.04143126177024483;0.008474576271186442;0.0;romanticism;0.002824858757062147
371;1.1821885913853318;404.57559364355706;0.6232347850848584;246.70466417040194;474.14639456372726;0.016298020954598366;0.14551804423748546;0.019790454016298017;0.15715948777648428;0.09080325960419093;0.004656577415599534;0.0;romanticism;0.008149010477299183
372;0.995959595959596;333.26159524144987;0.5790830773634519;93.10374793120924;326.00112210746875;0.016161616161616158;0.08686868686868687;0.0;0.3575757575757576;0.022222222222222227;0.0;0.0;romanticism;0.0
373;0.7982456140350878;324.494211593858;0.3717255432753712;127.58814852269418;261.9119814251221;0.02756892230576441;0.010025062656641605;0.0;0.3408521303258145;0.10275689223057644;0.09273182957393483;0.0;romanticism;0.005012531328320803
374;0.9726027397260274;305.66841141846976;0.4599762572707073;124.65000489996193;296.20600449913053;0.02397260273972602;0.020547945205479454;0.0;0.2876712328767124;0.19178082191780813;0.0273972602739726;0.0;romanticism;0.0
375;1.1092233009708738;298.7173050381445;0.6586828909148359;115.08353025058237;331.7440486169405;0.014563106796116509;0.17475728155339804;0.00970873786407767;0.3058252427184466;0.10679611650485438;0.00970873786407767;0.0;romanticism;0.0
376;0.48594687532077296;349.6093939934063;0.6362481786967845;264.00066232787987;171.29510762884047;0.010190084264158341;0.019204389574759943;0.009798157946306096;0.3460709386635312;0.0003919263178522439;0.5014697236919461;0.009210268469527726;romanticism;0.012737605330197915
377;1.3392410341951626;340.92743023350204;0.7786178754354116;160.34072842695727;451.62577129555086;0.04920767306088407;0.16180150125104253;0.0;0.17222685571309426;0.07005838198498747;0.01668056713928274;0.0;romanticism;0.01084236864053378
378;1.4372197309417043;423.0921001854167;0.8076273437094932;130.1677924810779;620.3525959283271;0.09417040358744394;0.2615844544095665;0.0523168908819133;0.0687593423019432;0.016442451420029897;0.0;0.0;romanticism;0.007473841554559044
379;0.7926843917674381;557.7660562861191;0.8366664700355422;411.9012776896623;434.5742353680136;0.041643309041403065;0.05709938335869304;0.04060222631536798;0.4341314967566269;0.001281332585889325;0.06815087691198847;0.002402498598542484;romanticism;0.08536878353487627
380;0.4532163742690058;350.23008441884;0.355363918519712;188.492966759339;142.69885542604734;0.04385964912280702;0.023391812865497075;0.0;0.2631578947368421;0.014619883040935672;0.5833333333333334;0.0029239766081871343;romanticism;0.0029239766081871343
381;1.600487210718636;344.4720262393796;0.9282806688394092;154.76093627994746;559.1110529498112;0.07308160779537147;0.3057247259439708;0.08038976857490865;0.17174177831912302;0.17174177831912302;0.0;0.0;romanticism;0.007308160779537135
382;1.0656779661016949;330.81037153078813;0.6581689788866872;127.89327102054716;343.79783756824884;0.02542372881355933;0.0;0.0;0.3644067796610169;0.21610169491525427;0.0;0.00423728813559322;romanticism;0.0
383;1.2415841584158416;294.1679434585305;0.6563124296351538;122.11360524815063;360.1732179968483;0.007920792079207921;0.1188118811881188;0.01188118811881188;0.09504950495049504;0.09504950495049504;0.015841584158415842;0.0;romanticism;0.0039603960396039604
384;0.4714611872146119;355.64180784280785;0.2460568707705295;142.42754777508011;167.7795185362003;0.0;0.0;0.0;0.3881278538812785;0.00684931506849315;0.4178082191780822;0.0;romanticism;0.0
385;0.6960227272727273;316.88284545950285;0.3682129441108009;125.75037213374705;214.9775483638752;0.01704545454545455;0.034090909090909095;0.0;0.5340909090909092;0.02840909090909091;0.08522727272727272;0.0;romanticism;0.0
386;1.236842105263158;308.9907557120206;0.5844370247408744;129.36476942652055;376.16656837554774;0.008771929824561401;0.14327485380116958;0.005847953216374269;0.09941520467836257;0.09941520467836257;0.0;0.0;romanticism;0.0
387;1.4873908826382154;322.8894099622289;0.9570485270341578;145.26723456349285;467.28788526207086;0.031037827352085358;0.21338506304558685;0.0805043646944714;0.13676042677012612;0.02715809893307469;0.0;0.0;romanticism;0.003879728419010669
388;0.9542056074766356;320.86525724348695;0.4485241371997712;139.09354184583378;303.0315382803505;0.018691588785046728;0.03925233644859813;0.0;0.2672897196261682;0.10467289719626167;0.029906542056074768;0.0;romanticism;0.005607476635514018
389;0.5688073394495413;331.8759796211689;0.27275261759486025;129.63215027156178;189.2936683524954;0.009174311926605509;0.0;0.0;0.4220183486238532;0.004587155963302753;0.2614678899082569;0.0;romanticism;0.0
390;1.1823770491803278;340.34366677624735;0.6794230354592079;153.84276318068717;398.500143847416;0.0430327868852459;0.07581967213114754;0.012295081967213116;0.2028688524590164;0.1127049180327869;0.0;0.0;romanticism;0.008196721311475409
