<?xml version="1.0" encoding="UTF-8" standalone="no"?>
<!DOCTYPE score-partwise
PUBLIC "-//Recordare//DTD MusicXML 1.1 Partwise//EN"
"http://www.musicxml.org/dtds/partwise.dtd">


<score-partwise version="1.1">
	<identification>
		<encoding>
			<software>SharpEye Music Reader 2</software>
			<encoding-description>Scanning program</encoding-description>
		</encoding>
	</identification>

	<defaults>
		<scaling>
			<millimeters>5.40</millimeters>
			<tenths>40</tenths>
		</scaling>
		<page-layout>
			<page-height>1144</page-height>
			<page-width>1341</page-width>
			<page-margins type="both">
				<left-margin>24</left-margin>
				<right-margin>3</right-margin>
				<top-margin>0</top-margin>
				<bottom-margin>0</bottom-margin>
			</page-margins>
		</page-layout>
		<system-layout>
			<system-margins>
				<left-margin>0</left-margin>
				<right-margin>0</right-margin>
			</system-margins>
		</system-layout>
	</defaults>

	<part-list>
		<score-part id="P1">
			<part-name>Part_1</part-name>
		</score-part>
		<score-part id="P2">
			<part-name>Part_2</part-name>
		</score-part>
		<score-part id="P3">
			<part-name>Part_3</part-name>
		</score-part>
	</part-list>

	<part id="P1">
		<measure number="1" width="223">
			<print>
				<system-layout>
					<system-margins>
						<left-margin>0</left-margin>
						<right-margin>0</right-margin>
					</system-margins>
					<top-system-distance>45</top-system-distance>
				</system-layout>
			</print>
			<attributes>
				<divisions>6</divisions>
				<key>
					<fifths>0</fifths>
				</key>
				<time symbol="normal">
					<beats>3</beats>
					<beat-type>2</beat-type>
				</time>
				<staves>1</staves>
				<clef number = "1">
					<sign>G</sign>
					<line>2</line>
					<clef-octave-change>-1</clef-octave-change>
				</clef>
			</attributes>
			<note>
				<pitch>
					<step>C</step>
					<octave>4</octave>
				</pitch>
				<duration>12</duration>
				<voice>1</voice>
				<type>half</type>
				<stem>down</stem>
				<notations>
				</notations>
			</note>
			<note>
				<pitch>
					<step>C</step>
					<octave>4</octave>
				</pitch>
				<duration>12</duration>
				<voice>1</voice>
				<type>half</type>
				<stem>down</stem>
				<notations>
				</notations>
			</note>
			<note>
				<pitch>
					<step>E</step>
					<octave>4</octave>
				</pitch>
				<duration>12</duration>
				<voice>1</voice>
				<type>half</type>
				<stem>down</stem>
				<notations>
				</notations>
			</note>
		</measure>
<!--===================================================-->
		<measure number="2" width="140">
			<note>
				<pitch>
					<step>E</step>
					<octave>4</octave>
				</pitch>
				<duration>18</duration>
				<voice>1</voice>
				<type>half</type>
				<dot/>
				<stem>down</stem>
				<notations>
				</notations>
			</note>
			<note>
				<pitch>
					<step>C</step>
					<octave>4</octave>
				</pitch>
				<duration>6</duration>
				<voice>1</voice>
				<type>quarter</type>
				<stem>down</stem>
				<notations>
				</notations>
			</note>
			<note>
				<pitch>
					<step>E</step>
					<octave>4</octave>
				</pitch>
				<duration>6</duration>
				<voice>1</voice>
				<type>quarter</type>
				<stem>down</stem>
				<notations>
				</notations>
			</note>
			<note>
				<pitch>
					<step>F</step>
					<octave>4</octave>
				</pitch>
				<duration>6</duration>
				<voice>1</voice>
				<type>quarter</type>
				<stem>down</stem>
				<notations>
				</notations>
			</note>
		</measure>
<!--===================================================-->
		<measure number="3" width="191">
			<note>
				<pitch>
					<step>D</step>
					<octave>4</octave>
				</pitch>
				<duration>12</duration>
				<voice>1</voice>
				<type>half</type>
				<stem>down</stem>
				<notations>
				</notations>
			</note>
			<note>
				<pitch>
					<step>E</step>
					<octave>4</octave>
				</pitch>
				<duration>6</duration>
				<voice>1</voice>
				<type>quarter</type>
				<stem>down</stem>
				<notations>
				</notations>
			</note>
			<note>
				<pitch>
					<step>G</step>
					<octave>4</octave>
				</pitch>
				<duration>9</duration>
				<voice>1</voice>
				<type>quarter</type>
				<dot/>
				<stem>down</stem>
				<notations>
				</notations>
			</note>
			<note>
				<pitch>
					<step>F</step>
					<octave>4</octave>
				</pitch>
				<duration>3</duration>
				<voice>1</voice>
				<type>eighth</type>
				<stem>down</stem>
				<beam number="1">begin</beam>
				<notations>
				</notations>
			</note>
			<note>
				<pitch>
					<step>E</step>
					<octave>4</octave>
				</pitch>
				<duration>3</duration>
				<voice>1</voice>
				<type>eighth</type>
				<stem>down</stem>
				<beam number="1">continue</beam>
				<notations>
				</notations>
			</note>
			<note>
				<pitch>
					<step>D</step>
					<octave>4</octave>
				</pitch>
				<duration>3</duration>
				<voice>1</voice>
				<type>eighth</type>
				<stem>down</stem>
				<beam number="1">end</beam>
				<notations>
				</notations>
			</note>
		</measure>
<!--===================================================-->
		<measure number="4" width="158">
			<note>
				<pitch>
					<step>C</step>
					<octave>4</octave>
				</pitch>
				<duration>12</duration>
				<voice>1</voice>
				<type>half</type>
				<stem>down</stem>
				<notations>
				</notations>
			</note>
			<note>
				<rest/>
				<duration>12</duration>
				<voice>1</voice>
				<type>half</type>
				<notations>
				</notations>
			</note>
			<note>
				<pitch>
					<step>E</step>
					<octave>4</octave>
				</pitch>
				<duration>6</duration>
				<voice>1</voice>
				<type>quarter</type>
				<stem>down</stem>
				<notations>
				</notations>
			</note>
			<note>
				<pitch>
					<step>F</step>
					<octave>4</octave>
				</pitch>
				<duration>6</duration>
				<voice>1</voice>
				<type>quarter</type>
				<stem>down</stem>
				<notations>
				</notations>
			</note>
		</measure>
<!--===================================================-->
		<measure number="5" width="177">
			<note>
				<pitch>
					<step>G</step>
					<octave>4</octave>
				</pitch>
				<duration>9</duration>
				<voice>1</voice>
				<type>quarter</type>
				<dot/>
				<stem>down</stem>
				<notations>
				</notations>
			</note>
			<note>
				<pitch>
					<step>F</step>
					<octave>4</octave>
				</pitch>
				<duration>3</duration>
				<voice>1</voice>
				<type>eighth</type>
				<stem>down</stem>
				<notations>
				</notations>
			</note>
			<note>
				<pitch>
					<step>D</step>
					<octave>4</octave>
				</pitch>
				<duration>6</duration>
				<voice>1</voice>
				<type>quarter</type>
				<stem>down</stem>
				<notations>
				</notations>
			</note>
			<note>
				<pitch>
					<step>F</step>
					<octave>4</octave>
				</pitch>
				<duration>6</duration>
				<voice>1</voice>
				<type>quarter</type>
				<stem>down</stem>
				<notations>
				</notations>
			</note>
			<note>
				<pitch>
					<step>E</step>
					<octave>4</octave>
				</pitch>
				<duration>6</duration>
				<voice>1</voice>
				<type>quarter</type>
				<stem>down</stem>
				<notations>
				</notations>
			</note>
			<note>
				<pitch>
					<step>C</step>
					<octave>4</octave>
				</pitch>
				<duration>6</duration>
				<voice>1</voice>
				<type>quarter</type>
				<stem>down</stem>
				<notations>
				</notations>
			</note>
		</measure>
<!--===================================================-->
		<measure number="6" width="167">
			<note>
				<pitch>
					<step>C</step>
					<octave>4</octave>
				</pitch>
				<duration>16</duration>
				<voice>1</voice>
				<type>whole</type>
				<time-modification>
					<actual-notes>3</actual-notes>
					<normal-notes>2</normal-notes>
					<normal-type>half</normal-type>
				</time-modification>
				<notations>
					<tuplet type="start"/>
				</notations>
			</note>
			<note>
				<pitch>
					<step>B</step>
					<octave>3</octave>
				</pitch>
				<duration>4</duration>
				<voice>1</voice>
				<type>quarter</type>
				<time-modification>
					<actual-notes>3</actual-notes>
					<normal-notes>2</normal-notes>
					<normal-type>half</normal-type>
				</time-modification>
				<stem>down</stem>
				<notations>
				</notations>
			</note>
			<note>
				<pitch>
					<step>C</step>
					<octave>4</octave>
				</pitch>
				<duration>4</duration>
				<voice>1</voice>
				<type>quarter</type>
				<time-modification>
					<actual-notes>3</actual-notes>
					<normal-notes>2</normal-notes>
					<normal-type>half</normal-type>
				</time-modification>
				<stem>down</stem>
				<notations>
					<tuplet type="stop"/>
				</notations>
			</note>
			<note>
				<pitch>
					<step>B</step>
					<octave>3</octave>
				</pitch>
				<duration>6</duration>
				<voice>1</voice>
				<type>quarter</type>
				<stem>down</stem>
				<notations>
				</notations>
			</note>
			<note>
				<pitch>
					<step>A</step>
					<octave>3</octave>
				</pitch>
				<duration>6</duration>
				<voice>1</voice>
				<type>quarter</type>
				<stem>up</stem>
				<notations>
				</notations>
			</note>
		</measure>
<!--===================================================-->
		<measure number="7" width="123">
			<note>
				<pitch>
					<step>C</step>
					<octave>4</octave>
				</pitch>
				<duration>36</duration>
				<voice>1</voice>
				<type>whole</type>
				<dot/>
				<notations>
				</notations>
			</note>
		</measure>
<!--===================================================-->
		<measure number="8" width="138">
			<note>
				<rest/>
				<duration>12</duration>
				<voice>1</voice>
				<type>half</type>
				<notations>
				</notations>
			</note>
			<note>
				<rest/>
				<duration>12</duration>
				<voice>1</voice>
				<type>half</type>
				<notations>
				</notations>
			</note>
			<note>
				<pitch>
					<step>G</step>
					<octave>4</octave>
				</pitch>
				<duration>12</duration>
				<voice>1</voice>
				<type>half</type>
				<stem>down</stem>
				<notations>
				</notations>
			</note>
		</measure>
<!--===================================================-->
		<measure number="9" width="202">
			<print new-system="yes">
				<system-layout>
					<system-distance>75</system-distance>
				</system-layout>
			</print>
			<note>
				<pitch>
					<step>G</step>
					<octave>4</octave>
				</pitch>
				<duration>12</duration>
				<voice>1</voice>
				<type>half</type>
				<stem>down</stem>
				<notations>
				</notations>
			</note>
			<note>
				<pitch>
					<step>E</step>
					<octave>4</octave>
				</pitch>
				<duration>18</duration>
				<voice>1</voice>
				<type>half</type>
				<dot/>
				<stem>down</stem>
				<notations>
				</notations>
			</note>
			<note>
				<pitch>
					<step>C</step>
					<octave>4</octave>
				</pitch>
				<duration>6</duration>
				<voice>1</voice>
				<type>quarter</type>
				<stem>down</stem>
				<notations>
				</notations>
			</note>
		</measure>
<!--===================================================-->
		<measure number="10" width="142">
			<note>
				<pitch>
					<step>C</step>
					<octave>4</octave>
				</pitch>
				<duration>12</duration>
				<voice>1</voice>
				<type>half</type>
				<stem>down</stem>
				<notations>
				</notations>
			</note>
			<note>
				<rest/>
				<duration>12</duration>
				<voice>1</voice>
				<type>half</type>
				<notations>
				</notations>
			</note>
			<note>
				<pitch>
					<step>G</step>
					<octave>4</octave>
				</pitch>
				<duration>12</duration>
				<voice>1</voice>
				<type>half</type>
				<stem>down</stem>
				<notations>
				</notations>
			</note>
		</measure>
<!--===================================================-->
		<measure number="11" width="142">
			<note>
				<pitch>
					<step>A</step>
					<octave>4</octave>
				</pitch>
				<duration>24</duration>
				<voice>1</voice>
				<type>whole</type>
				<notations>
				</notations>
			</note>
			<note>
				<pitch>
					<step>F</step>
					<octave>4</octave>
				</pitch>
				<duration>12</duration>
				<voice>1</voice>
				<type>half</type>
				<stem>down</stem>
				<notations>
				</notations>
			</note>
		</measure>
<!--===================================================-->
		<measure number="12" width="166">
			<note>
				<pitch>
					<step>A</step>
					<octave>4</octave>
				</pitch>
				<duration>12</duration>
				<voice>1</voice>
				<type>half</type>
				<stem>down</stem>
				<notations>
				</notations>
			</note>
			<note>
				<pitch>
					<step>G</step>
					<octave>4</octave>
				</pitch>
				<duration>18</duration>
				<voice>1</voice>
				<type>half</type>
				<dot/>
				<stem>down</stem>
				<notations>
				</notations>
			</note>
			<note>
				<pitch>
					<step>F</step>
					<octave>4</octave>
				</pitch>
				<duration>6</duration>
				<voice>1</voice>
				<type>quarter</type>
				<stem>down</stem>
				<notations>
				</notations>
			</note>
		</measure>
<!--===================================================-->
		<measure number="13" width="142">
			<note>
				<pitch>
					<step>F</step>
					<octave>4</octave>
				</pitch>
				<duration>24</duration>
				<voice>1</voice>
				<type>whole</type>
				<notations>
				</notations>
			</note>
			<note>
				<pitch>
					<step>E</step>
					<octave>4</octave>
				</pitch>
				<duration>12</duration>
				<voice>1</voice>
				<type>half</type>
				<stem>down</stem>
				<notations>
				</notations>
			</note>
		</measure>
<!--===================================================-->
		<measure number="14" width="222">
			<note>
				<pitch>
					<step>F</step>
					<octave>4</octave>
				</pitch>
				<duration>12</duration>
				<voice>1</voice>
				<type>half</type>
				<stem>down</stem>
				<notations>
				</notations>
			</note>
			<note>
				<pitch>
					<step>D</step>
					<octave>4</octave>
				</pitch>
				<duration>12</duration>
				<voice>1</voice>
				<type>half</type>
				<stem>down</stem>
				<notations>
				</notations>
			</note>
			<note>
				<pitch>
					<step>F</step>
					<octave>4</octave>
				</pitch>
				<duration>6</duration>
				<voice>1</voice>
				<type>quarter</type>
				<stem>down</stem>
				<notations>
				</notations>
			</note>
			<note>
				<pitch>
					<step>G</step>
					<octave>4</octave>
				</pitch>
				<duration>6</duration>
				<voice>1</voice>
				<type>quarter</type>
				<stem>down</stem>
				<notations>
				</notations>
			</note>
		</measure>
<!--===================================================-->
		<measure number="15" width="163">
			<note>
				<pitch>
					<step>E</step>
					<octave>4</octave>
				</pitch>
				<duration>12</duration>
				<voice>1</voice>
				<type>half</type>
				<stem>down</stem>
				<notations>
				</notations>
			</note>
			<note>
				<pitch>
					<step>F</step>
					<octave>4</octave>
				</pitch>
				<duration>6</duration>
				<voice>1</voice>
				<type>quarter</type>
				<stem>down</stem>
				<notations>
				</notations>
			</note>
			<note>
				<pitch>
					<step>G</step>
					<octave>4</octave>
				</pitch>
				<duration>12</duration>
				<voice>1</voice>
				<type>half</type>
				<stem>down</stem>
				<notations>
				</notations>
			</note>
			<note>
				<pitch>
					<step>E</step>
					<octave>4</octave>
				</pitch>
				<duration>6</duration>
				<voice>1</voice>
				<type>quarter</type>
				<stem>down</stem>
				<notations>
				</notations>
			</note>
		</measure>
<!--===================================================-->
		<measure number="16" width="139">
			<note>
				<pitch>
					<step>D</step>
					<octave>4</octave>
				</pitch>
				<duration>36</duration>
				<voice>1</voice>
				<type>whole</type>
				<dot/>
				<notations>
				</notations>
			</note>
		</measure>
<!--===================================================-->
		<measure number="17" width="218">
			<print new-system="yes">
				<system-layout>
					<system-distance>75</system-distance>
				</system-layout>
			</print>
			<note>
				<pitch>
					<step>E</step>
					<octave>4</octave>
				</pitch>
				<duration>12</duration>
				<voice>1</voice>
				<type>half</type>
				<stem>down</stem>
				<notations>
				</notations>
			</note>
			<note>
				<pitch>
					<step>C</step>
					<octave>4</octave>
				</pitch>
				<duration>18</duration>
				<voice>1</voice>
				<type>half</type>
				<dot/>
				<stem>down</stem>
				<notations>
				</notations>
			</note>
			<note>
				<pitch>
					<step>A</step>
					<octave>3</octave>
				</pitch>
				<duration>6</duration>
				<voice>1</voice>
				<type>quarter</type>
				<stem>up</stem>
				<notations>
				</notations>
			</note>
		</measure>
<!--===================================================-->
		<measure number="18" width="137">
			<note>
				<pitch>
					<step>G</step>
					<octave>3</octave>
				</pitch>
				<duration>18</duration>
				<voice>1</voice>
				<type>half</type>
				<dot/>
				<stem>up</stem>
				<notations>
				</notations>
			</note>
			<note>
				<pitch>
					<step>A</step>
					<octave>3</octave>
				</pitch>
				<duration>6</duration>
				<voice>1</voice>
				<type>quarter</type>
				<stem>up</stem>
				<notations>
				</notations>
			</note>
			<note>
				<pitch>
					<step>B</step>
					<octave>3</octave>
				</pitch>
				<duration>12</duration>
				<voice>1</voice>
				<type>half</type>
				<stem>down</stem>
				<notations>
				</notations>
			</note>
		</measure>
<!--===================================================-->
		<measure number="19" width="158">
			<note>
				<pitch>
					<step>C</step>
					<octave>4</octave>
				</pitch>
				<duration>12</duration>
				<voice>1</voice>
				<type>half</type>
				<stem>down</stem>
				<notations>
				</notations>
			</note>
			<note>
				<rest/>
				<duration>12</duration>
				<voice>1</voice>
				<type>half</type>
				<notations>
				</notations>
			</note>
			<note>
				<pitch>
					<step>C</step>
					<octave>4</octave>
				</pitch>
				<duration>12</duration>
				<voice>1</voice>
				<type>half</type>
				<stem>down</stem>
				<notations>
				</notations>
			</note>
		</measure>
<!--===================================================-->
		<measure number="20" width="135">
			<note>
				<pitch>
					<step>D</step>
					<octave>4</octave>
				</pitch>
				<duration>12</duration>
				<voice>1</voice>
				<type>half</type>
				<stem>down</stem>
				<notations>
				</notations>
			</note>
			<note>
				<pitch>
					<step>E</step>
					<octave>4</octave>
				</pitch>
				<duration>18</duration>
				<voice>1</voice>
				<type>half</type>
				<dot/>
				<stem>down</stem>
				<notations>
				</notations>
			</note>
			<note>
				<pitch>
					<step>C</step>
					<octave>4</octave>
				</pitch>
				<duration>6</duration>
				<voice>1</voice>
				<type>quarter</type>
				<stem>down</stem>
				<notations>
				</notations>
			</note>
		</measure>
<!--===================================================-->
		<measure number="21" width="181">
			<note>
				<pitch>
					<step>C</step>
					<octave>4</octave>
				</pitch>
				<duration>9</duration>
				<voice>1</voice>
				<type>quarter</type>
				<dot/>
				<stem>down</stem>
				<notations>
				</notations>
			</note>
			<note>
				<pitch>
					<step>B</step>
					<octave>3</octave>
				</pitch>
				<duration>3</duration>
				<voice>1</voice>
				<type>eighth</type>
				<stem>down</stem>
				<notations>
				</notations>
			</note>
			<note>
				<pitch>
					<step>C</step>
					<octave>4</octave>
				</pitch>
				<duration>6</duration>
				<voice>1</voice>
				<type>quarter</type>
				<stem>down</stem>
				<notations>
				</notations>
			</note>
			<note>
				<pitch>
					<step>B</step>
					<octave>3</octave>
				</pitch>
				<duration>12</duration>
				<voice>1</voice>
				<type>half</type>
				<stem>down</stem>
				<notations>
				</notations>
			</note>
			<note>
				<pitch>
					<step>A</step>
					<octave>3</octave>
				</pitch>
				<duration>6</duration>
				<voice>1</voice>
				<type>quarter</type>
				<stem>up</stem>
				<notations>
				</notations>
			</note>
		</measure>
<!--===================================================-->
		<measure number="22" width="156">
			<note>
				<pitch>
					<step>C</step>
					<octave>4</octave>
				</pitch>
				<duration>12</duration>
				<voice>1</voice>
				<type>half</type>
				<stem>down</stem>
				<notations>
				</notations>
			</note>
			<note>
				<rest/>
				<duration>12</duration>
				<voice>1</voice>
				<type>half</type>
				<notations>
				</notations>
			</note>
			<note>
				<pitch>
					<step>E</step>
					<octave>4</octave>
				</pitch>
				<duration>6</duration>
				<voice>1</voice>
				<type>quarter</type>
				<stem>down</stem>
				<notations>
				</notations>
			</note>
			<note>
				<pitch>
					<step>F</step>
					<octave>4</octave>
				</pitch>
				<duration>6</duration>
				<voice>1</voice>
				<type>quarter</type>
				<stem>down</stem>
				<notations>
				</notations>
			</note>
		</measure>
<!--===================================================-->
		<measure number="23" width="156">
			<note>
				<pitch>
					<step>G</step>
					<octave>4</octave>
				</pitch>
				<duration>12</duration>
				<voice>1</voice>
				<type>half</type>
				<stem>down</stem>
				<notations>
				</notations>
			</note>
			<note>
				<pitch>
					<step>E</step>
					<octave>4</octave>
				</pitch>
				<duration>6</duration>
				<voice>1</voice>
				<type>quarter</type>
				<stem>down</stem>
				<notations>
				</notations>
			</note>
			<note>
				<pitch>
					<step>C</step>
					<octave>4</octave>
				</pitch>
				<duration>6</duration>
				<voice>1</voice>
				<type>quarter</type>
				<stem>down</stem>
				<notations>
				</notations>
			</note>
			<note>
				<pitch>
					<step>D</step>
					<octave>4</octave>
				</pitch>
				<duration>12</duration>
				<voice>1</voice>
				<type>half</type>
				<stem>down</stem>
				<notations>
				</notations>
			</note>
		</measure>
<!--===================================================-->
		<measure number="24" width="177">
			<note>
				<pitch>
					<step>C</step>
					<octave>4</octave>
				</pitch>
				<duration>12</duration>
				<voice>1</voice>
				<type>half</type>
				<stem>down</stem>
				<notations>
				</notations>
			</note>
			<note>
				<rest/>
				<duration>12</duration>
				<voice>1</voice>
				<type>half</type>
				<notations>
				</notations>
			</note>
			<note>
				<pitch>
					<step>G</step>
					<octave>4</octave>
				</pitch>
				<duration>12</duration>
				<voice>1</voice>
				<type>half</type>
				<stem>down</stem>
				<notations>
				</notations>
			</note>
		</measure>
<!--===================================================-->
		<measure number="25" width="212">
			<print new-system="yes">
				<system-layout>
					<system-distance>75</system-distance>
				</system-layout>
			</print>
			<note>
				<pitch>
					<step>A</step>
					<octave>4</octave>
				</pitch>
				<duration>12</duration>
				<voice>1</voice>
				<type>half</type>
				<stem>down</stem>
				<notations>
				</notations>
			</note>
			<note>
				<pitch>
					<step>F</step>
					<octave>4</octave>
				</pitch>
				<duration>6</duration>
				<voice>1</voice>
				<type>quarter</type>
				<stem>down</stem>
				<notations>
				</notations>
			</note>
			<note>
				<pitch>
					<step>G</step>
					<octave>4</octave>
				</pitch>
				<duration>12</duration>
				<voice>1</voice>
				<type>half</type>
				<stem>down</stem>
				<notations>
				</notations>
			</note>
			<note>
				<pitch>
					<step>E</step>
					<octave>4</octave>
				</pitch>
				<duration>6</duration>
				<voice>1</voice>
				<type>quarter</type>
				<stem>down</stem>
				<notations>
				</notations>
			</note>
		</measure>
<!--===================================================-->
		<measure number="26" width="152">
			<note>
				<pitch>
					<step>D</step>
					<octave>4</octave>
				</pitch>
				<duration>12</duration>
				<voice>1</voice>
				<type>half</type>
				<stem>down</stem>
				<notations>
				</notations>
			</note>
			<note>
				<rest/>
				<duration>12</duration>
				<voice>1</voice>
				<type>half</type>
				<notations>
				</notations>
			</note>
			<note>
				<pitch>
					<step>F</step>
					<octave>4</octave>
				</pitch>
				<duration>12</duration>
				<voice>1</voice>
				<type>half</type>
				<stem>down</stem>
				<notations>
				</notations>
			</note>
		</measure>
<!--===================================================-->
		<measure number="27" width="135">
			<note>
				<pitch>
					<step>G</step>
					<octave>4</octave>
				</pitch>
				<duration>12</duration>
				<voice>1</voice>
				<type>half</type>
				<stem>down</stem>
				<notations>
				</notations>
			</note>
			<note>
				<pitch>
					<step>E</step>
					<octave>4</octave>
				</pitch>
				<duration>18</duration>
				<voice>1</voice>
				<type>half</type>
				<dot/>
				<stem>down</stem>
				<notations>
				</notations>
			</note>
			<note>
				<pitch>
					<step>C</step>
					<octave>4</octave>
				</pitch>
				<duration>6</duration>
				<voice>1</voice>
				<type>quarter</type>
				<stem>down</stem>
				<notations>
				</notations>
			</note>
		</measure>
<!--===================================================-->
		<measure number="28" width="102">
			<note>
				<pitch>
					<step>E</step>
					<octave>4</octave>
				</pitch>
				<duration>12</duration>
				<voice>1</voice>
				<type>half</type>
				<stem>down</stem>
				<notations>
				</notations>
			</note>
			<note>
				<pitch>
					<step>D</step>
					<octave>4</octave>
				</pitch>
				<duration>24</duration>
				<voice>1</voice>
				<type>whole</type>
				<notations>
				</notations>
			</note>
		</measure>
<!--===================================================-->
		<measure number="29" width="133">
			<note>
				<pitch>
					<step>C</step>
					<octave>4</octave>
				</pitch>
				<duration>12</duration>
				<voice>1</voice>
				<type>half</type>
				<stem>down</stem>
				<notations>
				</notations>
			</note>
			<note>
				<rest/>
				<duration>12</duration>
				<voice>1</voice>
				<type>half</type>
				<notations>
				</notations>
			</note>
			<note>
				<pitch>
					<step>G</step>
					<octave>4</octave>
				</pitch>
				<duration>12</duration>
				<voice>1</voice>
				<type>half</type>
				<stem>down</stem>
				<notations>
				</notations>
			</note>
		</measure>
<!--===================================================-->
		<measure number="30" width="133">
			<note>
				<pitch>
					<step>A</step>
					<octave>4</octave>
				</pitch>
				<duration>12</duration>
				<voice>1</voice>
				<type>half</type>
				<stem>down</stem>
				<notations>
				</notations>
			</note>
			<note>
				<pitch>
					<step>F</step>
					<octave>4</octave>
				</pitch>
				<duration>6</duration>
				<voice>1</voice>
				<type>quarter</type>
				<stem>down</stem>
				<notations>
				</notations>
			</note>
			<note>
				<pitch>
					<step>G</step>
					<octave>4</octave>
				</pitch>
				<duration>6</duration>
				<voice>1</voice>
				<type>quarter</type>
				<stem>down</stem>
				<notations>
				</notations>
			</note>
			<note>
				<pitch>
					<step>F</step>
					<octave>4</octave>
				</pitch>
				<duration>12</duration>
				<voice>1</voice>
				<type>half</type>
				<stem>down</stem>
				<notations>
				</notations>
			</note>
		</measure>
<!--===================================================-->
		<measure number="31" width="201">
			<note>
				<pitch>
					<step>D</step>
					<octave>4</octave>
				</pitch>
				<duration>6</duration>
				<voice>1</voice>
				<type>quarter</type>
				<stem>down</stem>
				<notations>
				</notations>
			</note>
			<note>
				<pitch>
					<step>F</step>
					<octave>4</octave>
				</pitch>
				<duration>9</duration>
				<voice>1</voice>
				<type>quarter</type>
				<dot/>
				<stem>down</stem>
				<notations>
				</notations>
			</note>
			<note>
				<pitch>
					<step>G</step>
					<octave>4</octave>
				</pitch>
				<duration>3</duration>
				<voice>1</voice>
				<type>eighth</type>
				<stem>down</stem>
				<notations>
				</notations>
			</note>
			<note>
				<pitch>
					<step>A</step>
					<octave>4</octave>
				</pitch>
				<duration>6</duration>
				<voice>1</voice>
				<type>quarter</type>
				<stem>down</stem>
				<notations>
				</notations>
			</note>
			<note>
				<pitch>
					<step>B</step>
					<alter>-1</alter>
					<octave>4</octave>
				</pitch>
				<duration>9</duration>
				<voice>1</voice>
				<type>quarter</type>
				<dot/>
				<accidental>flat</accidental>
				<stem>down</stem>
				<notations>
				</notations>
			</note>
			<note>
				<pitch>
					<step>G</step>
					<octave>4</octave>
				</pitch>
				<duration>3</duration>
				<voice>1</voice>
				<type>eighth</type>
				<stem>down</stem>
				<notations>
				</notations>
			</note>
		</measure>
<!--===================================================-->
		<measure number="32" width="164">
			<note>
				<pitch>
					<step>G</step>
					<octave>4</octave>
				</pitch>
				<duration>18</duration>
				<voice>1</voice>
				<type>half</type>
				<dot/>
				<stem>down</stem>
				<notations>
				</notations>
			</note>
			<note>
				<pitch>
					<step>F</step>
					<octave>4</octave>
				</pitch>
				<duration>3</duration>
				<voice>1</voice>
				<type>eighth</type>
				<stem>down</stem>
				<beam number="1">begin</beam>
				<notations>
				</notations>
			</note>
			<note>
				<pitch>
					<step>G</step>
					<octave>4</octave>
				</pitch>
				<duration>3</duration>
				<voice>1</voice>
				<type>eighth</type>
				<stem>down</stem>
				<beam number="1">end</beam>
				<notations>
				</notations>
			</note>
			<note>
				<pitch>
					<step>F</step>
					<octave>4</octave>
				</pitch>
				<duration>6</duration>
				<voice>1</voice>
				<type>quarter</type>
				<stem>down</stem>
				<notations>
				</notations>
			</note>
			<note>
				<pitch>
					<step>E</step>
					<octave>4</octave>
				</pitch>
				<duration>6</duration>
				<voice>1</voice>
				<type>quarter</type>
				<stem>down</stem>
				<notations>
				</notations>
			</note>
		</measure>
<!--===================================================-->
		<measure number="33" width="83">
			<note>
				<pitch>
					<step>G</step>
					<octave>4</octave>
				</pitch>
				<duration>36</duration>
				<voice>1</voice>
				<type>whole</type>
				<dot/>
				<notations>
				</notations>
			</note>
			<barline>
				<bar-style>light-heavy</bar-style>
			</barline>
		</measure>
<!--===================================================-->
	</part>

	<part id="P2">
		<measure number="1" width="223">
			<print>
				<system-layout>
					<system-margins>
						<left-margin>0</left-margin>
						<right-margin>0</right-margin>
					</system-margins>
				</system-layout>
				<staff-layout number="1">
					<staff-distance>45</staff-distance>
				</staff-layout>
			</print>
			<attributes>
				<divisions>6</divisions>
				<key>
					<fifths>-1</fifths>
				</key>
				<time symbol="normal">
					<beats>3</beats>
					<beat-type>2</beat-type>
				</time>
				<staves>1</staves>
				<clef number = "1">
					<sign>G</sign>
					<line>2</line>
					<clef-octave-change>-1</clef-octave-change>
				</clef>
			</attributes>
			<note>
				<pitch>
					<step>C</step>
					<octave>4</octave>
				</pitch>
				<duration>12</duration>
				<voice>1</voice>
				<type>half</type>
				<stem>down</stem>
				<notations>
				</notations>
			</note>
			<note>
				<pitch>
					<step>C</step>
					<octave>4</octave>
				</pitch>
				<duration>12</duration>
				<voice>1</voice>
				<type>half</type>
				<stem>down</stem>
				<notations>
				</notations>
			</note>
			<note>
				<pitch>
					<step>C</step>
					<octave>4</octave>
				</pitch>
				<duration>12</duration>
				<voice>1</voice>
				<type>half</type>
				<stem>down</stem>
				<notations>
				</notations>
			</note>
		</measure>
<!--===================================================-->
		<measure number="2" width="140">
			<note>
				<pitch>
					<step>C</step>
					<octave>4</octave>
				</pitch>
				<duration>24</duration>
				<voice>1</voice>
				<type>whole</type>
				<notations>
				</notations>
			</note>
			<note>
				<pitch>
					<step>C</step>
					<octave>4</octave>
				</pitch>
				<duration>12</duration>
				<voice>1</voice>
				<type>half</type>
				<stem>down</stem>
				<notations>
				</notations>
			</note>
		</measure>
<!--===================================================-->
		<measure number="3" width="191">
			<note>
				<pitch>
					<step>B</step>
					<octave>3</octave>
				</pitch>
				<duration>24</duration>
				<voice>1</voice>
				<type>whole</type>
				<accidental>natural</accidental>
				<notations>
				</notations>
			</note>
			<note>
				<pitch>
					<step>B</step>
					<octave>3</octave>
				</pitch>
				<duration>12</duration>
				<voice>1</voice>
				<type>half</type>
				<stem>down</stem>
				<notations>
				</notations>
			</note>
		</measure>
<!--===================================================-->
		<measure number="4" width="158">
			<note>
				<pitch>
					<step>C</step>
					<octave>4</octave>
				</pitch>
				<duration>18</duration>
				<voice>1</voice>
				<type>half</type>
				<dot/>
				<stem>down</stem>
				<notations>
				</notations>
			</note>
			<note>
				<pitch>
					<step>A</step>
					<octave>3</octave>
				</pitch>
				<duration>6</duration>
				<voice>1</voice>
				<type>quarter</type>
				<stem>up</stem>
				<notations>
				</notations>
			</note>
			<note>
				<pitch>
					<step>C</step>
					<octave>4</octave>
				</pitch>
				<duration>6</duration>
				<voice>1</voice>
				<type>quarter</type>
				<stem>down</stem>
				<notations>
				</notations>
			</note>
			<note>
				<pitch>
					<step>B</step>
					<alter>-1</alter>
					<octave>3</octave>
				</pitch>
				<duration>6</duration>
				<voice>1</voice>
				<type>quarter</type>
				<stem>down</stem>
				<notations>
				</notations>
			</note>
		</measure>
<!--===================================================-->
		<measure number="5" width="177">
			<note>
				<pitch>
					<step>G</step>
					<octave>3</octave>
				</pitch>
				<duration>12</duration>
				<voice>1</voice>
				<type>half</type>
				<stem>up</stem>
				<notations>
				</notations>
			</note>
			<note>
				<pitch>
					<step>F</step>
					<octave>3</octave>
				</pitch>
				<duration>18</duration>
				<voice>1</voice>
				<type>half</type>
				<dot/>
				<stem>up</stem>
				<notations>
				</notations>
			</note>
			<note>
				<pitch>
					<step>E</step>
					<octave>3</octave>
				</pitch>
				<duration>6</duration>
				<voice>1</voice>
				<type>quarter</type>
				<stem>up</stem>
				<notations>
				</notations>
			</note>
		</measure>
<!--===================================================-->
		<measure number="6" width="167">
			<note>
				<pitch>
					<step>C</step>
					<octave>3</octave>
				</pitch>
				<duration>12</duration>
				<voice>1</voice>
				<type>half</type>
				<stem>up</stem>
				<notations>
				</notations>
			</note>
			<note>
				<pitch>
					<step>F</step>
					<octave>3</octave>
				</pitch>
				<duration>24</duration>
				<voice>1</voice>
				<type>whole</type>
				<notations>
				</notations>
			</note>
		</measure>
<!--===================================================-->
		<measure number="7" width="123">
			<note>
				<pitch>
					<step>C</step>
					<octave>3</octave>
				</pitch>
				<duration>36</duration>
				<tie type="start"/>
				<voice>1</voice>
				<type>whole</type>
				<dot/>
				<notations>
					<tied type="start"/>
				</notations>
			</note>
		</measure>
<!--===================================================-->
		<measure number="8" width="138">
			<note>
				<pitch>
					<step>C</step>
					<octave>3</octave>
				</pitch>
				<duration>36</duration>
				<tie type="stop"/>
				<voice>1</voice>
				<type>whole</type>
				<dot/>
				<notations>
					<tied type="stop"/>
				</notations>
			</note>
		</measure>
<!--===================================================-->
		<measure number="9" width="202">
			<print new-system="yes">
				<system-layout>
				</system-layout>
				<staff-layout number="1">
					<staff-distance>45</staff-distance>
				</staff-layout>
			</print>
			<note>
				<rest>
					<display-step>D</display-step>
					<display-octave>4</display-octave>
				</rest>
				<duration>36</duration>
				<voice>1</voice>
				<notations>
				</notations>
			</note>
		</measure>
<!--===================================================-->
		<measure number="10" width="142">
			<note>
				<pitch>
					<step>E</step>
					<octave>3</octave>
				</pitch>
				<duration>12</duration>
				<voice>1</voice>
				<type>half</type>
				<stem>up</stem>
				<notations>
				</notations>
			</note>
			<note>
				<pitch>
					<step>E</step>
					<octave>3</octave>
				</pitch>
				<duration>12</duration>
				<voice>1</voice>
				<type>half</type>
				<stem>up</stem>
				<notations>
				</notations>
			</note>
			<note>
				<pitch>
					<step>E</step>
					<octave>3</octave>
				</pitch>
				<duration>12</duration>
				<voice>1</voice>
				<type>half</type>
				<stem>up</stem>
				<notations>
				</notations>
			</note>
		</measure>
<!--===================================================-->
		<measure number="11" width="142">
			<note>
				<pitch>
					<step>F</step>
					<octave>3</octave>
				</pitch>
				<duration>24</duration>
				<voice>1</voice>
				<type>whole</type>
				<notations>
				</notations>
			</note>
			<note>
				<pitch>
					<step>F</step>
					<octave>3</octave>
				</pitch>
				<duration>12</duration>
				<voice>1</voice>
				<type>half</type>
				<stem>up</stem>
				<notations>
				</notations>
			</note>
		</measure>
<!--===================================================-->
		<measure number="12" width="166">
			<note>
				<pitch>
					<step>C</step>
					<octave>4</octave>
				</pitch>
				<duration>24</duration>
				<voice>1</voice>
				<type>whole</type>
				<notations>
				</notations>
			</note>
			<note>
				<pitch>
					<step>B</step>
					<alter>-1</alter>
					<octave>3</octave>
				</pitch>
				<duration>12</duration>
				<voice>1</voice>
				<type>half</type>
				<accidental>flat</accidental>
				<stem>down</stem>
				<notations>
				</notations>
			</note>
		</measure>
<!--===================================================-->
		<measure number="13" width="142">
			<note>
				<pitch>
					<step>A</step>
					<octave>3</octave>
				</pitch>
				<duration>12</duration>
				<voice>1</voice>
				<type>half</type>
				<stem>up</stem>
				<notations>
				</notations>
			</note>
			<note>
				<pitch>
					<step>G</step>
					<octave>3</octave>
				</pitch>
				<duration>24</duration>
				<voice>1</voice>
				<type>whole</type>
				<notations>
				</notations>
			</note>
		</measure>
<!--===================================================-->
		<measure number="14" width="222">
			<note>
				<pitch>
					<step>F</step>
					<octave>3</octave>
				</pitch>
				<duration>36</duration>
				<voice>1</voice>
				<type>whole</type>
				<dot/>
				<notations>
				</notations>
			</note>
		</measure>
<!--===================================================-->
		<measure number="15" width="163">
			<note>
				<pitch>
					<step>C</step>
					<octave>4</octave>
				</pitch>
				<duration>36</duration>
				<voice>1</voice>
				<type>whole</type>
				<dot/>
				<notations>
				</notations>
			</note>
		</measure>
<!--===================================================-->
		<measure number="16" width="139">
			<note>
				<pitch>
					<step>B</step>
					<alter>-1</alter>
					<octave>3</octave>
				</pitch>
				<duration>12</duration>
				<voice>1</voice>
				<type>half</type>
				<stem>down</stem>
				<notations>
				</notations>
			</note>
			<note>
				<pitch>
					<step>B</step>
					<alter>-1</alter>
					<octave>3</octave>
				</pitch>
				<duration>12</duration>
				<voice>1</voice>
				<type>half</type>
				<stem>down</stem>
				<notations>
				</notations>
			</note>
			<note>
				<pitch>
					<step>B</step>
					<alter>-1</alter>
					<octave>3</octave>
				</pitch>
				<duration>12</duration>
				<voice>1</voice>
				<type>half</type>
				<stem>down</stem>
				<notations>
				</notations>
			</note>
		</measure>
<!--===================================================-->
		<measure number="17" width="218">
			<print new-system="yes">
				<system-layout>
				</system-layout>
				<staff-layout number="1">
					<staff-distance>45</staff-distance>
				</staff-layout>
			</print>
			<note>
				<pitch>
					<step>C</step>
					<octave>4</octave>
				</pitch>
				<duration>24</duration>
				<voice>1</voice>
				<type>whole</type>
				<notations>
				</notations>
			</note>
			<note>
				<pitch>
					<step>D</step>
					<octave>4</octave>
				</pitch>
				<duration>12</duration>
				<voice>1</voice>
				<type>half</type>
				<stem>down</stem>
				<notations>
				</notations>
			</note>
		</measure>
<!--===================================================-->
		<measure number="18" width="137">
			<note>
				<pitch>
					<step>E</step>
					<alter>-1</alter>
					<octave>4</octave>
				</pitch>
				<duration>24</duration>
				<voice>1</voice>
				<type>whole</type>
				<accidental>flat</accidental>
				<notations>
				</notations>
			</note>
			<note>
				<pitch>
					<step>D</step>
					<octave>4</octave>
				</pitch>
				<duration>12</duration>
				<voice>1</voice>
				<type>half</type>
				<stem>down</stem>
				<notations>
				</notations>
			</note>
		</measure>
<!--===================================================-->
		<measure number="19" width="158">
			<note>
				<pitch>
					<step>C</step>
					<octave>4</octave>
				</pitch>
				<duration>24</duration>
				<voice>1</voice>
				<type>whole</type>
				<notations>
				</notations>
			</note>
			<note>
				<pitch>
					<step>A</step>
					<octave>3</octave>
				</pitch>
				<duration>6</duration>
				<voice>1</voice>
				<type>quarter</type>
				<stem>up</stem>
				<notations>
				</notations>
			</note>
			<note>
				<pitch>
					<step>F</step>
					<octave>3</octave>
				</pitch>
				<duration>6</duration>
				<voice>1</voice>
				<type>quarter</type>
				<stem>up</stem>
				<notations>
				</notations>
			</note>
		</measure>
<!--===================================================-->
		<measure number="20" width="135">
			<note>
				<pitch>
					<step>F</step>
					<octave>3</octave>
				</pitch>
				<duration>12</duration>
				<voice>1</voice>
				<type>half</type>
				<stem>up</stem>
				<notations>
				</notations>
			</note>
			<note>
				<pitch>
					<step>G</step>
					<octave>3</octave>
				</pitch>
				<duration>24</duration>
				<voice>1</voice>
				<type>whole</type>
				<notations>
				</notations>
			</note>
		</measure>
<!--===================================================-->
		<measure number="21" width="181">
			<note>
				<pitch>
					<step>E</step>
					<octave>3</octave>
				</pitch>
				<duration>12</duration>
				<voice>1</voice>
				<type>half</type>
				<stem>up</stem>
				<notations>
				</notations>
			</note>
			<note>
				<pitch>
					<step>D</step>
					<octave>3</octave>
				</pitch>
				<duration>24</duration>
				<voice>1</voice>
				<type>whole</type>
				<notations>
				</notations>
			</note>
		</measure>
<!--===================================================-->
		<measure number="22" width="156">
			<note>
				<pitch>
					<step>C</step>
					<octave>3</octave>
				</pitch>
				<duration>36</duration>
				<voice>1</voice>
				<type>whole</type>
				<dot/>
				<notations>
				</notations>
			</note>
		</measure>
<!--===================================================-->
		<measure number="23" width="156">
			<note>
				<rest/>
				<duration>12</duration>
				<voice>1</voice>
				<type>half</type>
				<notations>
				</notations>
			</note>
			<note>
				<rest/>
				<duration>12</duration>
				<voice>1</voice>
				<type>half</type>
				<notations>
				</notations>
			</note>
			<note>
				<pitch>
					<step>B</step>
					<alter>-1</alter>
					<octave>3</octave>
				</pitch>
				<duration>12</duration>
				<voice>1</voice>
				<type>half</type>
				<stem>down</stem>
				<notations>
				</notations>
			</note>
		</measure>
<!--===================================================-->
		<measure number="24" width="177">
			<note>
				<pitch>
					<step>C</step>
					<octave>4</octave>
				</pitch>
				<duration>12</duration>
				<voice>1</voice>
				<type>half</type>
				<stem>down</stem>
				<notations>
				</notations>
			</note>
			<note>
				<pitch>
					<step>A</step>
					<octave>3</octave>
				</pitch>
				<duration>6</duration>
				<voice>1</voice>
				<type>quarter</type>
				<stem>up</stem>
				<notations>
				</notations>
			</note>
			<note>
				<pitch>
					<step>B</step>
					<alter>-1</alter>
					<octave>3</octave>
				</pitch>
				<duration>12</duration>
				<voice>1</voice>
				<type>half</type>
				<stem>down</stem>
				<notations>
				</notations>
			</note>
			<note>
				<pitch>
					<step>G</step>
					<octave>3</octave>
				</pitch>
				<duration>6</duration>
				<voice>1</voice>
				<type>quarter</type>
				<stem>up</stem>
				<notations>
				</notations>
			</note>
		</measure>
<!--===================================================-->
		<measure number="25" width="212">
			<print new-system="yes">
				<system-layout>
				</system-layout>
				<staff-layout number="1">
					<staff-distance>45</staff-distance>
				</staff-layout>
			</print>
			<note>
				<pitch>
					<step>F</step>
					<octave>3</octave>
				</pitch>
				<duration>12</duration>
				<voice>1</voice>
				<type>half</type>
				<stem>up</stem>
				<notations>
				</notations>
			</note>
			<note>
				<rest/>
				<duration>12</duration>
				<voice>1</voice>
				<type>half</type>
				<notations>
				</notations>
			</note>
			<note>
				<pitch>
					<step>C</step>
					<octave>3</octave>
				</pitch>
				<duration>12</duration>
				<voice>1</voice>
				<type>half</type>
				<stem>up</stem>
				<notations>
				</notations>
			</note>
		</measure>
<!--===================================================-->
		<measure number="26" width="152">
			<note>
				<pitch>
					<step>F</step>
					<octave>3</octave>
				</pitch>
				<duration>12</duration>
				<voice>1</voice>
				<type>half</type>
				<stem>up</stem>
				<notations>
				</notations>
			</note>
			<note>
				<pitch>
					<step>E</step>
					<octave>3</octave>
				</pitch>
				<duration>6</duration>
				<voice>1</voice>
				<type>quarter</type>
				<stem>up</stem>
				<notations>
				</notations>
			</note>
			<note>
				<pitch>
					<step>F</step>
					<octave>3</octave>
				</pitch>
				<duration>12</duration>
				<voice>1</voice>
				<type>half</type>
				<stem>up</stem>
				<notations>
				</notations>
			</note>
			<note>
				<pitch>
					<step>D</step>
					<octave>3</octave>
				</pitch>
				<duration>6</duration>
				<voice>1</voice>
				<type>quarter</type>
				<stem>up</stem>
				<notations>
				</notations>
			</note>
		</measure>
<!--===================================================-->
		<measure number="27" width="135">
			<note>
				<pitch>
					<step>C</step>
					<octave>3</octave>
				</pitch>
				<duration>12</duration>
				<voice>1</voice>
				<type>half</type>
				<stem>up</stem>
				<notations>
				</notations>
			</note>
			<note>
				<rest/>
				<duration>12</duration>
				<voice>1</voice>
				<type>half</type>
				<notations>
				</notations>
			</note>
			<note>
				<pitch>
					<step>C</step>
					<octave>4</octave>
				</pitch>
				<duration>12</duration>
				<voice>1</voice>
				<type>half</type>
				<stem>down</stem>
				<notations>
				</notations>
			</note>
		</measure>
<!--===================================================-->
		<measure number="28" width="102">
			<note>
				<pitch>
					<step>C</step>
					<octave>4</octave>
				</pitch>
				<duration>12</duration>
				<voice>1</voice>
				<type>half</type>
				<stem>down</stem>
				<notations>
				</notations>
			</note>
			<note>
				<pitch>
					<step>B</step>
					<alter>-1</alter>
					<octave>3</octave>
				</pitch>
				<duration>24</duration>
				<voice>1</voice>
				<type>whole</type>
				<notations>
				</notations>
			</note>
		</measure>
<!--===================================================-->
		<measure number="29" width="133">
			<note>
				<pitch>
					<step>A</step>
					<octave>3</octave>
				</pitch>
				<duration>12</duration>
				<voice>1</voice>
				<type>half</type>
				<stem>up</stem>
				<notations>
				</notations>
			</note>
			<note>
				<pitch>
					<step>G</step>
					<octave>3</octave>
				</pitch>
				<duration>24</duration>
				<voice>1</voice>
				<type>whole</type>
				<notations>
				</notations>
			</note>
		</measure>
<!--===================================================-->
		<measure number="30" width="133">
			<note>
				<pitch>
					<step>F</step>
					<octave>3</octave>
				</pitch>
				<duration>12</duration>
				<voice>1</voice>
				<type>half</type>
				<stem>up</stem>
				<notations>
				</notations>
			</note>
			<note>
				<rest/>
				<duration>12</duration>
				<voice>1</voice>
				<type>half</type>
				<notations>
				</notations>
			</note>
			<note>
				<pitch>
					<step>C</step>
					<octave>4</octave>
				</pitch>
				<duration>12</duration>
				<voice>1</voice>
				<type>half</type>
				<stem>down</stem>
				<notations>
				</notations>
			</note>
		</measure>
<!--===================================================-->
		<measure number="31" width="201">
			<note>
				<pitch>
					<step>D</step>
					<octave>4</octave>
				</pitch>
				<duration>12</duration>
				<voice>1</voice>
				<type>half</type>
				<stem>down</stem>
				<notations>
				</notations>
			</note>
			<note>
				<pitch>
					<step>B</step>
					<alter>-1</alter>
					<octave>3</octave>
				</pitch>
				<duration>18</duration>
				<voice>1</voice>
				<type>half</type>
				<dot/>
				<stem>down</stem>
				<notations>
				</notations>
			</note>
			<note>
				<pitch>
					<step>G</step>
					<octave>3</octave>
				</pitch>
				<duration>6</duration>
				<voice>1</voice>
				<type>quarter</type>
				<stem>up</stem>
				<notations>
				</notations>
			</note>
		</measure>
<!--===================================================-->
		<measure number="32" width="164">
			<note>
				<pitch>
					<step>B</step>
					<alter>-1</alter>
					<octave>3</octave>
				</pitch>
				<duration>12</duration>
				<voice>1</voice>
				<type>half</type>
				<stem>down</stem>
				<notations>
				</notations>
			</note>
			<note>
				<pitch>
					<step>A</step>
					<octave>3</octave>
				</pitch>
				<duration>24</duration>
				<voice>1</voice>
				<type>whole</type>
				<notations>
				</notations>
			</note>
		</measure>
<!--===================================================-->
		<measure number="33" width="83">
			<note>
				<pitch>
					<step>G</step>
					<octave>3</octave>
				</pitch>
				<duration>36</duration>
				<voice>1</voice>
				<type>whole</type>
				<dot/>
				<notations>
				</notations>
			</note>
			<barline>
				<bar-style>light-heavy</bar-style>
			</barline>
		</measure>
<!--===================================================-->
	</part>

	<part id="P3">
		<measure number="1" width="223">
			<print>
				<system-layout>
					<system-margins>
						<left-margin>0</left-margin>
						<right-margin>0</right-margin>
					</system-margins>
				</system-layout>
				<staff-layout number="1">
					<staff-distance>45</staff-distance>
				</staff-layout>
			</print>
			<attributes>
				<divisions>6</divisions>
				<key>
					<fifths>-1</fifths>
				</key>
				<time symbol="normal">
					<beats>3</beats>
					<beat-type>2</beat-type>
				</time>
				<staves>1</staves>
				<clef number = "1">
					<sign>G</sign>
					<line>2</line>
					<clef-octave-change>-1</clef-octave-change>
				</clef>
			</attributes>
			<note>
				<pitch>
					<step>C</step>
					<octave>3</octave>
				</pitch>
				<duration>12</duration>
				<voice>1</voice>
				<type>half</type>
				<stem>up</stem>
				<notations>
				</notations>
			</note>
			<note>
				<pitch>
					<step>C</step>
					<octave>3</octave>
				</pitch>
				<duration>12</duration>
				<voice>1</voice>
				<type>half</type>
				<stem>up</stem>
				<notations>
				</notations>
			</note>
			<note>
				<pitch>
					<step>C</step>
					<octave>3</octave>
				</pitch>
				<duration>12</duration>
				<voice>1</voice>
				<type>half</type>
				<stem>up</stem>
				<notations>
				</notations>
			</note>
		</measure>
<!--===================================================-->
		<measure number="2" width="140">
			<note>
				<pitch>
					<step>C</step>
					<octave>3</octave>
				</pitch>
				<duration>24</duration>
				<voice>1</voice>
				<type>whole</type>
				<notations>
				</notations>
			</note>
			<note>
				<pitch>
					<step>C</step>
					<octave>3</octave>
				</pitch>
				<duration>12</duration>
				<voice>1</voice>
				<type>half</type>
				<stem>up</stem>
				<notations>
				</notations>
			</note>
		</measure>
<!--===================================================-->
		<measure number="3" width="191">
			<note>
				<pitch>
					<step>G</step>
					<octave>3</octave>
				</pitch>
				<duration>24</duration>
				<voice>1</voice>
				<type>whole</type>
				<notations>
				</notations>
			</note>
			<note>
				<pitch>
					<step>G</step>
					<octave>3</octave>
				</pitch>
				<duration>12</duration>
				<voice>1</voice>
				<type>half</type>
				<stem>up</stem>
				<notations>
				</notations>
			</note>
		</measure>
<!--===================================================-->
		<measure number="4" width="158">
			<note>
				<pitch>
					<step>C</step>
					<octave>3</octave>
				</pitch>
				<duration>24</duration>
				<voice>1</voice>
				<type>whole</type>
				<notations>
				</notations>
			</note>
			<note>
				<pitch>
					<step>C</step>
					<octave>3</octave>
				</pitch>
				<duration>12</duration>
				<voice>1</voice>
				<type>half</type>
				<stem>up</stem>
				<notations>
				</notations>
			</note>
		</measure>
<!--===================================================-->
		<measure number="5" width="177">
			<note>
				<pitch>
					<step>C</step>
					<octave>3</octave>
				</pitch>
				<duration>12</duration>
				<voice>1</voice>
				<type>half</type>
				<stem>up</stem>
				<notations>
				</notations>
			</note>
			<note>
				<pitch>
					<step>D</step>
					<octave>3</octave>
				</pitch>
				<duration>12</duration>
				<voice>1</voice>
				<type>half</type>
				<stem>up</stem>
				<notations>
				</notations>
			</note>
			<note>
				<pitch>
					<step>A</step>
					<octave>3</octave>
				</pitch>
				<duration>12</duration>
				<voice>1</voice>
				<type>half</type>
				<stem>up</stem>
				<notations>
				</notations>
			</note>
		</measure>
<!--===================================================-->
		<measure number="6" width="167">
			<note>
				<pitch>
					<step>G</step>
					<octave>3</octave>
				</pitch>
				<duration>12</duration>
				<voice>1</voice>
				<type>half</type>
				<stem>up</stem>
				<notations>
				</notations>
			</note>
			<note>
				<pitch>
					<step>F</step>
					<octave>3</octave>
				</pitch>
				<duration>18</duration>
				<voice>1</voice>
				<type>half</type>
				<dot/>
				<stem>up</stem>
				<notations>
				</notations>
			</note>
			<note>
				<pitch>
					<step>E</step>
					<octave>3</octave>
				</pitch>
				<duration>6</duration>
				<voice>1</voice>
				<type>quarter</type>
				<stem>up</stem>
				<notations>
				</notations>
			</note>
		</measure>
<!--===================================================-->
		<measure number="7" width="123">
			<note>
				<pitch>
					<step>G</step>
					<octave>3</octave>
				</pitch>
				<duration>12</duration>
				<voice>1</voice>
				<type>half</type>
				<stem>up</stem>
				<notations>
				</notations>
			</note>
			<note>
				<rest/>
				<duration>12</duration>
				<voice>1</voice>
				<type>half</type>
				<notations>
				</notations>
			</note>
			<note>
				<pitch>
					<step>G</step>
					<octave>3</octave>
				</pitch>
				<duration>12</duration>
				<voice>1</voice>
				<type>half</type>
				<stem>up</stem>
				<notations>
				</notations>
			</note>
		</measure>
<!--===================================================-->
		<measure number="8" width="138">
			<note>
				<pitch>
					<step>G</step>
					<octave>3</octave>
				</pitch>
				<duration>12</duration>
				<voice>1</voice>
				<type>half</type>
				<stem>up</stem>
				<notations>
				</notations>
			</note>
			<note>
				<pitch>
					<step>E</step>
					<octave>3</octave>
				</pitch>
				<duration>18</duration>
				<voice>1</voice>
				<type>half</type>
				<dot/>
				<stem>up</stem>
				<notations>
				</notations>
			</note>
			<note>
				<pitch>
					<step>C</step>
					<octave>3</octave>
				</pitch>
				<duration>6</duration>
				<voice>1</voice>
				<type>quarter</type>
				<stem>up</stem>
				<notations>
				</notations>
			</note>
		</measure>
<!--===================================================-->
		<measure number="9" width="202">
			<print new-system="yes">
				<system-layout>
				</system-layout>
				<staff-layout number="1">
					<staff-distance>45</staff-distance>
				</staff-layout>
			</print>
			<note>
				<pitch>
					<step>C</step>
					<octave>3</octave>
				</pitch>
				<duration>36</duration>
				<voice>1</voice>
				<type>whole</type>
				<dot/>
				<notations>
				</notations>
			</note>
		</measure>
<!--===================================================-->
		<measure number="10" width="142">
			<note>
				<pitch>
					<step>G</step>
					<octave>3</octave>
				</pitch>
				<duration>36</duration>
				<voice>1</voice>
				<type>whole</type>
				<dot/>
				<notations>
				</notations>
			</note>
		</measure>
<!--===================================================-->
		<measure number="11" width="142">
			<note>
				<pitch>
					<step>D</step>
					<octave>3</octave>
				</pitch>
				<duration>12</duration>
				<voice>1</voice>
				<type>half</type>
				<stem>up</stem>
				<notations>
				</notations>
			</note>
			<note>
				<pitch>
					<step>D</step>
					<octave>3</octave>
				</pitch>
				<duration>12</duration>
				<voice>1</voice>
				<type>half</type>
				<stem>up</stem>
				<notations>
				</notations>
			</note>
			<note>
				<pitch>
					<step>D</step>
					<octave>3</octave>
				</pitch>
				<duration>12</duration>
				<voice>1</voice>
				<type>half</type>
				<stem>up</stem>
				<notations>
				</notations>
			</note>
		</measure>
<!--===================================================-->
		<measure number="12" width="166">
			<note>
				<pitch>
					<step>C</step>
					<octave>3</octave>
				</pitch>
				<duration>24</duration>
				<voice>1</voice>
				<type>whole</type>
				<notations>
				</notations>
			</note>
			<note>
				<pitch>
					<step>E</step>
					<octave>3</octave>
				</pitch>
				<duration>12</duration>
				<voice>1</voice>
				<type>half</type>
				<stem>up</stem>
				<notations>
				</notations>
			</note>
		</measure>
<!--===================================================-->
		<measure number="13" width="142">
			<note>
				<pitch>
					<step>F</step>
					<octave>3</octave>
				</pitch>
				<duration>12</duration>
				<voice>1</voice>
				<type>half</type>
				<stem>up</stem>
				<notations>
				</notations>
			</note>
			<note>
				<pitch>
					<step>C</step>
					<octave>3</octave>
				</pitch>
				<duration>24</duration>
				<voice>1</voice>
				<type>whole</type>
				<notations>
				</notations>
			</note>
		</measure>
<!--===================================================-->
		<measure number="14" width="222">
			<note>
				<pitch>
					<step>C</step>
					<octave>4</octave>
				</pitch>
				<duration>12</duration>
				<voice>1</voice>
				<type>half</type>
				<stem>down</stem>
				<notations>
				</notations>
			</note>
			<note>
				<pitch>
					<step>A</step>
					<octave>3</octave>
				</pitch>
				<duration>6</duration>
				<voice>1</voice>
				<type>quarter</type>
				<stem>up</stem>
				<notations>
				</notations>
			</note>
			<note>
				<pitch>
					<step>F</step>
					<octave>3</octave>
				</pitch>
				<duration>6</duration>
				<voice>1</voice>
				<type>quarter</type>
				<stem>up</stem>
				<notations>
				</notations>
			</note>
			<note>
				<pitch>
					<step>G</step>
					<octave>3</octave>
				</pitch>
				<duration>3</duration>
				<voice>1</voice>
				<type>eighth</type>
				<stem>up</stem>
				<beam number="1">begin</beam>
				<notations>
				</notations>
			</note>
			<note>
				<pitch>
					<step>F</step>
					<octave>3</octave>
				</pitch>
				<duration>3</duration>
				<voice>1</voice>
				<type>eighth</type>
				<stem>up</stem>
				<beam number="1">continue</beam>
				<notations>
				</notations>
			</note>
			<note>
				<pitch>
					<step>E</step>
					<octave>3</octave>
				</pitch>
				<duration>3</duration>
				<voice>1</voice>
				<type>eighth</type>
				<stem>up</stem>
				<beam number="1">continue</beam>
				<notations>
				</notations>
			</note>
			<note>
				<pitch>
					<step>D</step>
					<octave>3</octave>
				</pitch>
				<duration>3</duration>
				<voice>1</voice>
				<type>eighth</type>
				<stem>up</stem>
				<beam number="1">end</beam>
				<notations>
				</notations>
			</note>
		</measure>
<!--===================================================-->
		<measure number="15" width="163">
			<note>
				<pitch>
					<step>C</step>
					<octave>3</octave>
				</pitch>
				<duration>36</duration>
				<voice>1</voice>
				<type>whole</type>
				<dot/>
				<notations>
				</notations>
			</note>
		</measure>
<!--===================================================-->
		<measure number="16" width="139">
			<note>
				<pitch>
					<step>G</step>
					<octave>3</octave>
				</pitch>
				<duration>36</duration>
				<voice>1</voice>
				<type>whole</type>
				<dot/>
				<notations>
				</notations>
			</note>
		</measure>
<!--===================================================-->
		<measure number="17" width="218">
			<print new-system="yes">
				<system-layout>
				</system-layout>
				<staff-layout number="1">
					<staff-distance>45</staff-distance>
				</staff-layout>
			</print>
			<note>
				<pitch>
					<step>C</step>
					<octave>3</octave>
				</pitch>
				<duration>24</duration>
				<voice>1</voice>
				<type>whole</type>
				<notations>
				</notations>
			</note>
			<note>
				<pitch>
					<step>C</step>
					<octave>3</octave>
				</pitch>
				<duration>12</duration>
				<voice>1</voice>
				<type>half</type>
				<stem>up</stem>
				<notations>
				</notations>
			</note>
		</measure>
<!--===================================================-->
		<measure number="18" width="137">
			<note>
				<pitch>
					<step>C</step>
					<octave>3</octave>
				</pitch>
				<duration>24</duration>
				<voice>1</voice>
				<type>whole</type>
				<notations>
				</notations>
			</note>
			<note>
				<pitch>
					<step>G</step>
					<octave>3</octave>
				</pitch>
				<duration>12</duration>
				<voice>1</voice>
				<type>half</type>
				<stem>up</stem>
				<notations>
				</notations>
			</note>
		</measure>
<!--===================================================-->
		<measure number="19" width="158">
			<note>
				<pitch>
					<step>C</step>
					<octave>3</octave>
				</pitch>
				<duration>24</duration>
				<voice>1</voice>
				<type>whole</type>
				<notations>
				</notations>
			</note>
			<note>
				<pitch>
					<step>F</step>
					<octave>3</octave>
				</pitch>
				<duration>12</duration>
				<voice>1</voice>
				<type>half</type>
				<stem>up</stem>
				<notations>
				</notations>
			</note>
		</measure>
<!--===================================================-->
		<measure number="20" width="135">
			<note>
				<pitch>
					<step>D</step>
					<octave>3</octave>
				</pitch>
				<duration>12</duration>
				<voice>1</voice>
				<type>half</type>
				<stem>up</stem>
				<notations>
				</notations>
			</note>
			<note>
				<pitch>
					<step>C</step>
					<octave>3</octave>
				</pitch>
				<duration>24</duration>
				<voice>1</voice>
				<type>whole</type>
				<notations>
				</notations>
			</note>
		</measure>
<!--===================================================-->
		<measure number="21" width="181">
			<note>
				<pitch>
					<step>G</step>
					<octave>3</octave>
				</pitch>
				<duration>12</duration>
				<voice>1</voice>
				<type>half</type>
				<stem>up</stem>
				<notations>
				</notations>
			</note>
			<note>
				<pitch>
					<step>F</step>
					<octave>3</octave>
				</pitch>
				<duration>18</duration>
				<voice>1</voice>
				<type>half</type>
				<dot/>
				<stem>up</stem>
				<notations>
				</notations>
			</note>
			<note>
				<pitch>
					<step>E</step>
					<octave>3</octave>
				</pitch>
				<duration>6</duration>
				<voice>1</voice>
				<type>quarter</type>
				<stem>up</stem>
				<notations>
				</notations>
			</note>
		</measure>
<!--===================================================-->
		<measure number="22" width="156">
			<note>
				<pitch>
					<step>G</step>
					<octave>3</octave>
				</pitch>
				<duration>24</duration>
				<voice>1</voice>
				<type>whole</type>
				<notations>
				</notations>
			</note>
			<note>
				<pitch>
					<step>G</step>
					<octave>3</octave>
				</pitch>
				<duration>12</duration>
				<voice>1</voice>
				<type>half</type>
				<stem>up</stem>
				<notations>
				</notations>
			</note>
		</measure>
<!--===================================================-->
		<measure number="23" width="156">
			<note>
				<pitch>
					<step>C</step>
					<octave>3</octave>
				</pitch>
				<duration>24</duration>
				<voice>1</voice>
				<type>whole</type>
				<notations>
				</notations>
			</note>
			<note>
				<pitch>
					<step>G</step>
					<octave>3</octave>
				</pitch>
				<duration>12</duration>
				<voice>1</voice>
				<type>half</type>
				<stem>up</stem>
				<notations>
				</notations>
			</note>
		</measure>
<!--===================================================-->
		<measure number="24" width="177">
			<note>
				<pitch>
					<step>C</step>
					<octave>3</octave>
				</pitch>
				<duration>24</duration>
				<voice>1</voice>
				<type>whole</type>
				<notations>
				</notations>
			</note>
			<note>
				<pitch>
					<step>E</step>
					<alter>-1</alter>
					<octave>3</octave>
				</pitch>
				<duration>12</duration>
				<voice>1</voice>
				<type>half</type>
				<accidental>flat</accidental>
				<stem>up</stem>
				<notations>
				</notations>
			</note>
		</measure>
<!--===================================================-->
		<measure number="25" width="212">
			<print new-system="yes">
				<system-layout>
				</system-layout>
				<staff-layout number="1">
					<staff-distance>45</staff-distance>
				</staff-layout>
			</print>
			<note>
				<pitch>
					<step>D</step>
					<octave>3</octave>
				</pitch>
				<duration>24</duration>
				<voice>1</voice>
				<type>whole</type>
				<notations>
				</notations>
			</note>
			<note>
				<pitch>
					<step>G</step>
					<octave>3</octave>
				</pitch>
				<duration>12</duration>
				<voice>1</voice>
				<type>half</type>
				<stem>up</stem>
				<notations>
				</notations>
			</note>
		</measure>
<!--===================================================-->
		<measure number="26" width="152">
			<note>
				<pitch>
					<step>A</step>
					<octave>3</octave>
				</pitch>
				<duration>18</duration>
				<voice>1</voice>
				<type>half</type>
				<dot/>
				<stem>up</stem>
				<notations>
				</notations>
			</note>
			<note>
				<pitch>
					<step>F</step>
					<octave>3</octave>
				</pitch>
				<duration>6</duration>
				<voice>1</voice>
				<type>quarter</type>
				<stem>up</stem>
				<notations>
				</notations>
			</note>
			<note>
				<pitch>
					<step>C</step>
					<octave>4</octave>
				</pitch>
				<duration>6</duration>
				<voice>1</voice>
				<type>quarter</type>
				<stem>down</stem>
				<notations>
				</notations>
			</note>
			<note>
				<pitch>
					<step>B</step>
					<alter>-1</alter>
					<octave>3</octave>
				</pitch>
				<duration>6</duration>
				<voice>1</voice>
				<type>quarter</type>
				<stem>down</stem>
				<notations>
				</notations>
			</note>
		</measure>
<!--===================================================-->
		<measure number="27" width="135">
			<note>
				<pitch>
					<step>C</step>
					<octave>4</octave>
				</pitch>
				<duration>24</duration>
				<voice>1</voice>
				<type>whole</type>
				<notations>
				</notations>
			</note>
			<note>
				<pitch>
					<step>C</step>
					<octave>3</octave>
				</pitch>
				<duration>12</duration>
				<tie type="start"/>
				<voice>1</voice>
				<type>half</type>
				<stem>up</stem>
				<notations>
					<tied type="start"/>
				</notations>
			</note>
		</measure>
<!--===================================================-->
		<measure number="28" width="102">
			<note>
				<pitch>
					<step>C</step>
					<octave>3</octave>
				</pitch>
				<duration>12</duration>
				<tie type="stop"/>
				<voice>1</voice>
				<type>half</type>
				<stem>up</stem>
				<notations>
					<tied type="stop"/>
				</notations>
			</note>
			<note>
				<pitch>
					<step>G</step>
					<octave>3</octave>
				</pitch>
				<duration>24</duration>
				<voice>1</voice>
				<type>whole</type>
				<notations>
				</notations>
			</note>
		</measure>
<!--===================================================-->
		<measure number="29" width="133">
			<note>
				<rest/>
				<duration>6</duration>
				<voice>1</voice>
				<type>quarter</type>
				<notations>
				</notations>
			</note>
			<note>
				<pitch>
					<step>F</step>
					<octave>3</octave>
				</pitch>
				<duration>6</duration>
				<voice>1</voice>
				<type>quarter</type>
				<stem>up</stem>
				<notations>
				</notations>
			</note>
			<note>
				<pitch>
					<step>E</step>
					<octave>3</octave>
				</pitch>
				<duration>24</duration>
				<voice>1</voice>
				<type>whole</type>
				<notations>
				</notations>
			</note>
		</measure>
<!--===================================================-->
		<measure number="30" width="133">
			<note>
				<pitch>
					<step>D</step>
					<octave>3</octave>
				</pitch>
				<duration>12</duration>
				<voice>1</voice>
				<type>half</type>
				<stem>up</stem>
				<notations>
				</notations>
			</note>
			<note>
				<rest/>
				<duration>6</duration>
				<voice>1</voice>
				<type>quarter</type>
				<notations>
				</notations>
			</note>
			<note>
				<pitch>
					<step>D</step>
					<octave>3</octave>
				</pitch>
				<duration>6</duration>
				<voice>1</voice>
				<type>quarter</type>
				<stem>up</stem>
				<notations>
				</notations>
			</note>
			<note>
				<pitch>
					<step>C</step>
					<octave>3</octave>
				</pitch>
				<duration>12</duration>
				<voice>1</voice>
				<type>half</type>
				<stem>up</stem>
				<notations>
				</notations>
			</note>
		</measure>
<!--===================================================-->
		<measure number="31" width="201">
			<note>
				<pitch>
					<step>G</step>
					<octave>3</octave>
				</pitch>
				<duration>6</duration>
				<voice>1</voice>
				<type>quarter</type>
				<stem>up</stem>
				<notations>
				</notations>
			</note>
			<note>
				<pitch>
					<step>D</step>
					<octave>3</octave>
				</pitch>
				<duration>6</duration>
				<voice>1</voice>
				<type>quarter</type>
				<stem>up</stem>
				<notations>
				</notations>
			</note>
			<note>
				<pitch>
					<step>G</step>
					<octave>3</octave>
				</pitch>
				<duration>24</duration>
				<voice>1</voice>
				<type>whole</type>
				<notations>
				</notations>
			</note>
		</measure>
<!--===================================================-->
		<measure number="32" width="164">
			<note>
				<pitch>
					<step>D</step>
					<octave>3</octave>
				</pitch>
				<duration>12</duration>
				<voice>1</voice>
				<type>half</type>
				<stem>up</stem>
				<notations>
				</notations>
			</note>
			<note>
				<pitch>
					<step>C</step>
					<octave>4</octave>
				</pitch>
				<duration>24</duration>
				<voice>1</voice>
				<type>whole</type>
				<notations>
				</notations>
			</note>
		</measure>
<!--===================================================-->
		<measure number="33" width="83">
			<note>
				<pitch>
					<step>D</step>
					<octave>4</octave>
				</pitch>
				<duration>36</duration>
				<voice>1</voice>
				<type>whole</type>
				<dot/>
				<notations>
				</notations>
			</note>
			<barline>
				<bar-style>light-heavy</bar-style>
			</barline>
		</measure>
<!--===================================================-->
	</part>

</score-partwise>
